"keys.add(""";ICBC;""");"
"keys.add(""";China Construction Bank;""");"
"keys.add(""";Agricultural Bank of China;""");"
"keys.add(""";Berkshire Hathaway;""");"
"keys.add(""";JPMorgan Chase;""");"
"keys.add(""";Bank of China;""");"
"keys.add(""";Wells Fargo;""");"
"keys.add(""";Apple;""");"
"keys.add(""";ExxonMobil;""");"
"keys.add(""";Toyota Motor;""");"
"keys.add(""";;""");"
"keys.add(""";Bank of America;""");"
"keys.add(""";AT&T;""");"
"keys.add(""";Citigroup;""");"
"keys.add(""";HSBC Holdings;""");"
"keys.add(""";Verizon Communications;""");"
"keys.add(""";Wal-Mart Stores;""");"
"keys.add(""";PetroChina;""");"
"keys.add(""";China Mobile;""");"
"keys.add(""";Samsung Electronics;""");"
"keys.add(""";Ping An Insurance Group;""");"
"keys.add(""";;""");"
"keys.add(""";Allianz;""");"
"keys.add(""";Volkswagen Group;""");"
"keys.add(""";Microsoft;""");"
"keys.add(""";BNP Paribas;""");"
"keys.add(""";Daimler;""");"
"keys.add(""";AXA Group;""");"
"keys.add(""";Alphabet;""");"
"keys.add(""";Chevron;""");"
"keys.add(""";Japan Post Holdings;""");"
"keys.add(""";Total;""");"
"keys.add(""";;""");"
"keys.add(""";Sinopec;""");"
"keys.add(""";Johnson & Johnson;""");"
"keys.add(""";Nestle;""");"
"keys.add(""";Mitsubishi UFJ Financial;""");"
"keys.add(""";Comcast;""");"
"keys.add(""";Bank of Communications;""");"
"keys.add(""";Banco Santander;""");"
"keys.add(""";China Merchants Bank;""");"
"keys.add(""";Procter & Gamble;""");"
"keys.add(""";Ford Motor;""");"
"keys.add(""";;""");"
"keys.add(""";IBM;""");"
"keys.add(""";UnitedHealth Group;""");"
"keys.add(""";General Motors;""");"
"keys.add(""";Nippon Telegraph & Tel;""");"
"keys.add(""";BMW Group;""");"
"keys.add(""";Pfizer;""");"
"keys.add(""";Novartis;""");"
"keys.add(""";MetLife;""");"
"keys.add(""";China Life Insurance;""");"
"keys.add(""";Royal Dutch Shell;""");"
"keys.add(""";;""");"
"keys.add(""";Siemens;""");"
"keys.add(""";Royal Bank of Canada;""");"
"keys.add(""";Gazprom;""");"
"keys.add(""";UBS;""");"
"keys.add(""";ING Group;""");"
"keys.add(""";Anheuser-Busch InBev;""");"
"keys.add(""";Shanghai Pudong Development;""");"
"keys.add(""";Commonwealth Bank;""");"
"keys.add(""";Industrial Bank;""");"
"keys.add(""";Intel;""");"
"keys.add(""";;""");"
"keys.add(""";Citic Pacific;""");"
"keys.add(""";CVS Health;""");"
"keys.add(""";Cisco Systems;""");"
"keys.add(""";Ita£ Unibanco Holding;""");"
"keys.add(""";China Minsheng Banking;""");"
"keys.add(""";Prudential;""");"
"keys.add(""";TD Bank Group;""");"
"keys.add(""";General Electric;""");"
"keys.add(""";Softbank;""");"
"keys.add(""";Sumitomo Mitsui Financial;""");"
"keys.add(""";;""");"
"keys.add(""";Walt Disney;""");"
"keys.add(""";Westpac Banking Group;""");"
"keys.add(""";Deutsche Telekom;""");"
"keys.add(""";Honda Motor;""");"
"keys.add(""";Rosneft;""");"
"keys.add(""";Boeing;""");"
"keys.add(""";Goldman Sachs Group;""");"
"keys.add(""";Banco Bradesco;""");"
"keys.add(""";China Citic Bank;""");"
"keys.add(""";Roche Holding;""");"
"keys.add(""";;""");"
"keys.add(""";Prudential Financial;""");"
"keys.add(""";Oracle;""");"
"keys.add(""";Coca-Cola;""");"
"keys.add(""";ANZ;""");"
"keys.add(""";Nissan Motor;""");"
"keys.add(""";Morgan Stanley;""");"
"keys.add(""";American International Group;""");"
"keys.add(""";National Australia Bank;""");"
"keys.add(""";Sanofi;""");"
"keys.add(""";PepsiCo;""");"
"keys.add(""";;""");"
"keys.add(""";Bank of Nova Scotia;""");"
"keys.add(""";Intesa Sanpaolo;""");"
"keys.add(""";Merck;""");"
"keys.add(""";BASF;""");"
"keys.add(""";American Express;""");"
"keys.add(""";United Technologies;""");"
"keys.add(""";Bayer;""");"
"keys.add(""";Korea Electric Power;""");"
"keys.add(""";US Bancorp;""");"
"keys.add(""";GlaxoSmithKline;""");"
"keys.add(""";;""");"
"keys.add(""";Munich Re;""");"
"keys.add(""";EADS;""");"
"keys.add(""";Sberbank;""");"
"keys.add(""";Enel;""");"
"keys.add(""";Telef¢nica;""");"
"keys.add(""";Mizuho Financial;""");"
"keys.add(""";Walgreens Boots Alliance;""");"
"keys.add(""";Hyundai Motor;""");"
"keys.add(""";Unilever;""");"
"keys.add(""";Credit Agricole;""");"
"keys.add(""";;""");"
"keys.add(""";Dow Chemical;""");"
"keys.add(""";Home Depot;""");"
"keys.add(""";Saudi Basic Industries;""");"
"keys.add(""";China State Construction Engineering;""");"
"keys.add(""";BBVA-Banco Bilbao Vizcaya;""");"
"keys.add(""";SociÇtÇ GÇnÇrale;""");"
"keys.add(""";Hon Hai Precision;""");"
"keys.add(""";Gilead Sciences;""");"
"keys.add(""";Swiss Re;""");"
"keys.add(""";SAIC Motor;""");"
"keys.add(""";;""");"
"keys.add(""";Reliance Industries;""");"
"keys.add(""";LukOil;""");"
"keys.add(""";Capital One Financial;""");"
"keys.add(""";China Telecom;""");"
"keys.add(""";Generali Group;""");"
"keys.add(""";AIA Group;""");"
"keys.add(""";CK Hutchison;""");"
"keys.add(""";Zurich Insurance Group;""");"
"keys.add(""";Medtronic;""");"
"keys.add(""";Orange;""");"
"keys.add(""";;""");"
"keys.add(""";Amgen;""");"
"keys.add(""";China Pacific Insurance;""");"
"keys.add(""";Mondel?z International;""");"
"keys.add(""";CNOOC;""");"
"keys.add(""";Allergan;""");"
"keys.add(""";Mitsubishi Corp;""");"
"keys.add(""";Taiwan Semiconductor;""");"
"keys.add(""";Honeywell International;""");"
"keys.add(""";China Everbright Bank;""");"
"keys.add(""";Iberdrola;""");"
"keys.add(""";;""");"
"keys.add(""";Phillips 66;""");"
"keys.add(""";AmÇrica M¢vil;""");"
"keys.add(""";Bank of Montreal;""");"
"keys.add(""";Lockheed Martin;""");"
"keys.add(""";Express Scripts;""");"
"keys.add(""";United Parcel Service;""");"
"keys.add(""";Renault;""");"
"keys.add(""";Duke Energy;""");"
"keys.add(""";State Bank of India;""");"
"keys.add(""";Nordea Bank;""");"
"keys.add(""";;""");"
"keys.add(""";China Communications Construction;""");"
"keys.add(""";Anthem;""");"
"keys.add(""";Banco do Brasil;""");"
"keys.add(""";PNC Financial Services;""");"
"keys.add(""";Caterpillar;""");"
"keys.add(""";Time Warner;""");"
"keys.add(""";KDDI;""");"
"keys.add(""";AbbVie;""");"
"keys.add(""";McKesson;""");"
"keys.add(""";National Grid;""");"
"keys.add(""";;""");"
"keys.add(""";Bank of New York Mellon;""");"
"keys.add(""";VINCI;""");"
"keys.add(""";China Railway Group;""");"
"keys.add(""";Target;""");"
"keys.add(""";Travelers;""");"
"keys.add(""";Hewlett Packard Enterprise;""");"
"keys.add(""";China Shenhua Energy;""");"
"keys.add(""";Aetna;""");"
"keys.add(""";Qualcomm;""");"
"keys.add(""";Delta Air Lines;""");"
"keys.add(""";;""");"
"keys.add(""";Lloyds Banking Group;""");"
"keys.add(""";Union Pacific;""");"
"keys.add(""";Chubb;""");"
"keys.add(""";Alibaba;""");"
"keys.add(""";AstraZeneca;""");"
"keys.add(""";Schlumberger;""");"
"keys.add(""";British American Tobacco;""");"
"keys.add(""";Hitachi;""");"
"keys.add(""";SAP;""");"
"keys.add(""";China Railway Construction;""");"
"keys.add(""";;""");"
"keys.add(""";People's Insurance Company;""");"
"keys.add(""";Manulife Financial;""");"
"keys.add(""";Valero Energy;""");"
"keys.add(""";Philip Morris International;""");"
"keys.add(""";China Vanke;""");"
"keys.add(""";Tokio Marine Holdings;""");"
"keys.add(""";Aviva;""");"
"keys.add(""";Facebook;""");"
"keys.add(""";McDonald's;""");"
"keys.add(""";Dalian Wanda Commercial Properties;""");"
"keys.add(""";;""");"
"keys.add(""";Exelon;""");"
"keys.add(""";Costco Wholesale;""");"
"keys.add(""";Sony;""");"
"keys.add(""";Imperial Tobacco Group;""");"
"keys.add(""";UniCredit Group;""");"
"keys.add(""";Visa;""");"
"keys.add(""";Brookfield Asset Management;""");"
"keys.add(""";L'OrÇal Group;""");"
"keys.add(""";Jardine Matheson;""");"
"keys.add(""";3M;""");"
"keys.add(""";;""");"
"keys.add(""";Tencent Holdings;""");"
"keys.add(""";Allstate;""");"
"keys.add(""";Itochu;""");"
"keys.add(""";Aflac;""");"
"keys.add(""";Lowe's;""");"
"keys.add(""";Twenty-First Century Fox;""");"
"keys.add(""";BT Group;""");"
"keys.add(""";Cigna;""");"
"keys.add(""";Continental;""");"
"keys.add(""";American Airlines Group;""");"
"keys.add(""";;""");"
"keys.add(""";BlackRock;""");"
"keys.add(""";NextEra Energy;""");"
"keys.add(""";Southern;""");"
"keys.add(""";Danaher;""");"
"keys.add(""";SABMiller;""");"
"keys.add(""";Christian Dior;""");"
"keys.add(""";Canadian Imperial Bank;""");"
"keys.add(""";China Unicom;""");"
"keys.add(""";Denso;""");"
"keys.add(""";Oil & Natural Gas;""");"
"keys.add(""";;""");"
"keys.add(""";CRRC;""");"
"keys.add(""";Japan Tobacco;""");"
"keys.add(""";Kroger;""");"
"keys.add(""";Dai-ichi Life Insurance;""");"
"keys.add(""";ABB;""");"
"keys.add(""";Altria Group;""");"
"keys.add(""";Time Warner Cable;""");"
"keys.add(""";Deutsche Post;""");"
"keys.add(""";KBC Group;""");"
"keys.add(""";Mitsui;""");"
"keys.add(""";;""");"
"keys.add(""";EMC;""");"
"keys.add(""";EI du Pont de Nemours;""");"
"keys.add(""";East Japan Railway;""");"
"keys.add(""";Marathon Petroleum;""");"
"keys.add(""";Abbott Laboratories;""");"
"keys.add(""";Diageo;""");"
"keys.add(""";Amazon.com;""");"
"keys.add(""";Legal & General Group;""");"
"keys.add(""";General Dynamics;""");"
"keys.add(""";Seven & I Holdings;""");"
"keys.add(""";;""");"
"keys.add(""";Teva Pharmaceutical;""");"
"keys.add(""";Surgutneftegas;""");"
"keys.add(""";Eli Lilly;""");"
"keys.add(""";Fresenius;""");"
"keys.add(""";Huaxia Bank;""");"
"keys.add(""";Panasonic;""");"
"keys.add(""";SK Holdings;""");"
"keys.add(""";Schneider Electric;""");"
"keys.add(""";EDF;""");"
"keys.add(""";John Deere;""");"
"keys.add(""";;""");"
"keys.add(""";Nippon Steel & Sumitomo Metal;""");"
"keys.add(""";Archer Daniels Midland;""");"
"keys.add(""";DBS Group;""");"
"keys.add(""";Bank of Beijing;""");"
"keys.add(""";Canon;""");"
"keys.add(""";Saint-Gobain;""");"
"keys.add(""";United Continental Holdings;""");"
"keys.add(""";Volvo Group;""");"
"keys.add(""";HCA Holdings;""");"
"keys.add(""";FedEx;""");"
"keys.add(""";;""");"
"keys.add(""";Nike;""");"
"keys.add(""";Telstra;""");"
"keys.add(""";Danske Bank;""");"
"keys.add(""";Wesfarmers;""");"
"keys.add(""";Orix;""");"
"keys.add(""";ICICI Bank;""");"
"keys.add(""";Thermo Fisher Scientific;""");"
"keys.add(""";Cardinal Health;""");"
"keys.add(""";Reynolds American;""");"
"keys.add(""";Hartford Financial Services;""");"
"keys.add(""";;""");"
"keys.add(""";Shinhan Financial Group;""");"
"keys.add(""";American Electric;""");"
"keys.add(""";Bridgestone;""");"
"keys.add(""";BB&T;""");"
"keys.add(""";HDFC Bank;""");"
"keys.add(""";HP;""");"
"keys.add(""";Sun Life Financial;""");"
"keys.add(""";Tata Motors;""");"
"keys.add(""";Carrefour;""");"
"keys.add(""";LyondellBasell Industries;""");"
"keys.add(""";;""");"
"keys.add(""";Kraft Heinz Company;""");"
"keys.add(""";CNP Assurances;""");"
"keys.add(""";Danone;""");"
"keys.add(""";Central Japan Railway;""");"
"keys.add(""";Samsung Life Insurance;""");"
"keys.add(""";Oversea-Chinese Banking;""");"
"keys.add(""";Gas Natural Fenosa;""");"
"keys.add(""";Tokyo Electric Power;""");"
"keys.add(""";Accenture;""");"
"keys.add(""";KIA Motors;""");"
"keys.add(""";;""");"
"keys.add(""";Fubon Financial;""");"
"keys.add(""";Heineken Holding;""");"
"keys.add(""";Bristol-Myers Squibb;""");"
"keys.add(""";Mitsubishi Electric;""");"
"keys.add(""";Raytheon;""");"
"keys.add(""";MS&AD Insurance;""");"
"keys.add(""";Hyundai Mobis;""");"
"keys.add(""";New China Life Insurance;""");"
"keys.add(""";Sun Hung Kai Properties;""");"
"keys.add(""";State Street;""");"
"keys.add(""";;""");"
"keys.add(""";WPP;""");"
"keys.add(""";Power Corp of Canada;""");"
"keys.add(""";Dominion Resources;""");"
"keys.add(""";Ericsson;""");"
"keys.add(""";Natixis;""");"
"keys.add(""";Mõller-Maersk;""");"
"keys.add(""";DNB;""");"
"keys.add(""";BCE;""");"
"keys.add(""";Citic Securities;""");"
"keys.add(""";Inditex;""");"
"keys.add(""";;""");"
"keys.add(""";Carnival;""");"
"keys.add(""";Etisalat;""");"
"keys.add(""";Air Liquide;""");"
"keys.add(""";Synchrony Financial;""");"
"keys.add(""";Eaton;""");"
"keys.add(""";Henkel;""");"
"keys.add(""";Standard Bank Group;""");"
"keys.add(""";Cathay Financial;""");"
"keys.add(""";Northrop Grumman;""");"
"keys.add(""";SingTel;""");"
"keys.add(""";;""");"
"keys.add(""";Linde;""");"
"keys.add(""";Poly Real Estate;""");"
"keys.add(""";Greenland Holdings Group;""");"
"keys.add(""";Huaneng Power International;""");"
"keys.add(""";Discover Financial Services;""");"
"keys.add(""";Humana;""");"
"keys.add(""";Emerson Electric;""");"
"keys.add(""";Qatar National Bank;""");"
"keys.add(""";PG&E;""");"
"keys.add(""";Fuji Heavy Industries;""");"
"keys.add(""";;""");"
"keys.add(""";Merck;""");"
"keys.add(""";United Overseas Bank;""");"
"keys.add(""";Commerzbank;""");"
"keys.add(""";Ameriprise Financial;""");"
"keys.add(""";Haitong Securities;""");"
"keys.add(""";Reckitt Benckiser Group;""");"
"keys.add(""";PTT PCL;""");"
"keys.add(""";SEB;""");"
"keys.add(""";NN Group;""");"
"keys.add(""";China Resources Land;""");"
"keys.add(""";;""");"
"keys.add(""";Fannie Mae;""");"
"keys.add(""";Southwest Airlines;""");"
"keys.add(""";Aegon;""");"
"keys.add(""";Macquarie Group;""");"
"keys.add(""";SunTrust Banks;""");"
"keys.add(""";BAE Systems;""");"
"keys.add(""";CaixaBank;""");"
"keys.add(""";China Huarong Asset Management;""");"
"keys.add(""";Baidu;""");"
"keys.add(""";Charles Schwab;""");"
"keys.add(""";;""");"
"keys.add(""";KB Financial Group;""");"
"keys.add(""";Old Mutual;""");"
"keys.add(""";Peugeot;""");"
"keys.add(""";Automatic Data;""");"
"keys.add(""";Evergrande Real Estate;""");"
"keys.add(""";Saudi Telecom;""");"
"keys.add(""";Svenska Handelsbanken;""");"
"keys.add(""";Tyson Foods;""");"
"keys.add(""";Wilmar International;""");"
"keys.add(""";Nokia;""");"
"keys.add(""";;""");"
"keys.add(""";Transneft;""");"
"keys.add(""";Maybank;""");"
"keys.add(""";Cheil Industries;""");"
"keys.add(""";Novo Nordisk;""");"
"keys.add(""";Marubeni;""");"
"keys.add(""";Standard Life;""");"
"keys.add(""";Freddie Mac;""");"
"keys.add(""";Canadian National Railway;""");"
"keys.add(""";SSE;""");"
"keys.add(""";BP;""");"
"keys.add(""";;""");"
"keys.add(""";Indian Oil;""");"
"keys.add(""";Sinohydro Group;""");"
"keys.add(""";Swedbank;""");"
"keys.add(""";China Cinda Asset Management;""");"
"keys.add(""";Tesco;""");"
"keys.add(""";CRH;""");"
"keys.add(""";CSX;""");"
"keys.add(""";SK Hynix;""");"
"keys.add(""";International Airlines;""");"
"keys.add(""";Principal Financial Group;""");"
"keys.add(""";;""");"
"keys.add(""";Toyota Industries;""");"
"keys.add(""";Mitsui Fudosan;""");"
"keys.add(""";General Mills;""");"
"keys.add(""";Biogen Idec;""");"
"keys.add(""";Tata Consultancy Services;""");"
"keys.add(""";Progressive;""");"
"keys.add(""";NKSJ Holdings;""");"
"keys.add(""";Philips;""");"
"keys.add(""";Starbucks;""");"
"keys.add(""";Femsa;""");"
"keys.add(""";;""");"
"keys.add(""";Daiwa House Industry;""");"
"keys.add(""";Michelin Group;""");"
"keys.add(""";Consolidated Edison;""");"
"keys.add(""";Texas Instruments;""");"
"keys.add(""";Vodafone;""");"
"keys.add(""";Lincoln National;""");"
"keys.add(""";Celgene;""");"
"keys.add(""";Magna International;""");"
"keys.add(""";Edison International;""");"
"keys.add(""";NTPC;""");"
"keys.add(""";;""");"
"keys.add(""";Cheung Kong Property Holdings;""");"
"keys.add(""";Midea Group;""");"
"keys.add(""";Sumitomo Mitsui Trust;""");"
"keys.add(""";HDFC;""");"
"keys.add(""";Thomson Reuters;""");"
"keys.add(""";EXOR;""");"
"keys.add(""";CenturyLink;""");"
"keys.add(""";Norfolk Southern;""");"
"keys.add(""";Eni;""");"
"keys.add(""";Sempra Energy;""");"
"keys.add(""";;""");"
"keys.add(""";Petrobras;""");"
"keys.add(""";TJX Cos;""");"
"keys.add(""";Public Service Enterprise Group;""");"
"keys.add(""";Talanx;""");"
"keys.add(""";Mitsubishi Heavy Industries;""");"
"keys.add(""";Richemont;""");"
"keys.add(""";Fujifilm Holdings;""");"
"keys.add(""";MasterCard;""");"
"keys.add(""";Vivendi;""");"
"keys.add(""";Aon;""");"
"keys.add(""";;""");"
"keys.add(""";Barclays;""");"
"keys.add(""";Monsanto;""");"
"keys.add(""";Chubu Electric Power;""");"
"keys.add(""";PayPal;""");"
"keys.add(""";CBS;""");"
"keys.add(""";International Paper;""");"
"keys.add(""";PPL;""");"
"keys.add(""";GDF SUEZ;""");"
"keys.add(""";Bank Rakyat Indonesia;""");"
"keys.add(""";Paccar;""");"
"keys.add(""";;""");"
"keys.add(""";Poste Italiane;""");"
"keys.add(""";Las Vegas Sands;""");"
"keys.add(""";National Commercial Bank;""");"
"keys.add(""";Fosun International;""");"
"keys.add(""";Metallurgical Corp of China;""");"
"keys.add(""";Erste Group Bank;""");"
"keys.add(""";EDP-Energias de Portugal;""");"
"keys.add(""";Glencore International;""");"
"keys.add(""";Swiss Life Holding;""");"
"keys.add(""";Steinhoff International;""");"
"keys.add(""";;""");"
"keys.add(""";Statoil;""");"
"keys.add(""";CLP Holdings;""");"
"keys.add(""";Syngenta;""");"
"keys.add(""";Country Garden Holdings;""");"
"keys.add(""";The Priceline Group;""");"
"keys.add(""";GF Securities;""");"
"keys.add(""";Isbank;""");"
"keys.add(""";Deutsche Bank;""");"
"keys.add(""";Sampo;""");"
"keys.add(""";Royal Bank of Scotland;""");"
"keys.add(""";;""");"
"keys.add(""";Koá Holding;""");"
"keys.add(""";British Sky Broadcasting;""");"
"keys.add(""";Bharti Airtel;""");"
"keys.add(""";Pernod Ricard;""");"
"keys.add(""";BHP Billiton;""");"
"keys.add(""";Fifth Third Bancorp;""");"
"keys.add(""";Marsh & McLennan;""");"
"keys.add(""";PPG Industries;""");"
"keys.add(""";H&M;""");"
"keys.add(""";Illinois Tool Works;""");"
"keys.add(""";;""");"
"keys.add(""";Credit Suisse Group;""");"
"keys.add(""";Bank Mandiri;""");"
"keys.add(""";Sasol;""");"
"keys.add(""";Tenaga Nasional;""");"
"keys.add(""";Coal India;""");"
"keys.add(""";eBay;""");"
"keys.add(""";Compass Group;""");"
"keys.add(""";Johnson Controls;""");"
"keys.add(""";Swisscom;""");"
"keys.add(""";China Reinsurance Group;""");"
"keys.add(""";;""");"
"keys.add(""";Xcel Energy;""");"
"keys.add(""";Stryker;""");"
"keys.add(""";Rio Tinto;""");"
"keys.add(""";Grupo ACS;""");"
"keys.add(""";Associated British Foods;""");"
"keys.add(""";Hilton Worldwide Holdings;""");"
"keys.add(""";Kimberly-Clark;""");"
"keys.add(""";Daikin Industries;""");"
"keys.add(""";Deutsche Lufthansa;""");"
"keys.add(""";Viacom;""");"
"keys.add(""";;""");"
"keys.add(""";ConocoPhillips;""");"
"keys.add(""";Garanti Bank;""");"
"keys.add(""";Teliasonera;""");"
"keys.add(""";Axis Bank;""");"
"keys.add(""";HeidelbergCement;""");"
"keys.add(""";Royal Ahold;""");"
"keys.add(""";Swire Pacific;""");"
"keys.add(""";Praxair;""");"
"keys.add(""";Suzuki Motor;""");"
"keys.add(""";Samsung Fire & Marine;""");"
"keys.add(""";;""");"
"keys.add(""";Omnicom Group;""");"
"keys.add(""";Ecolab;""");"
"keys.add(""";Ally Financial;""");"
"keys.add(""";AmerisourceBergen;""");"
"keys.add(""";E.ON;""");"
"keys.add(""";Komatsu;""");"
"keys.add(""";Corning;""");"
"keys.add(""";TE Connectivity;""");"
"keys.add(""";CIC Group;""");"
"keys.add(""";Colgate-Palmolive;""");"
"keys.add(""";;""");"
"keys.add(""";SK Innovation;""");"
"keys.add(""";FirstRand;""");"
"keys.add(""";Fiat Chrysler Automobiles;""");"
"keys.add(""";Level 3 Communications;""");"
"keys.add(""";Larsen & Toubro;""");"
"keys.add(""";SK Telecom;""");"
"keys.add(""";Formosa Petrochemical;""");"
"keys.add(""";Kubota;""");"
"keys.add(""";Dongfeng Motor Group;""");"
"keys.add(""";AMP;""");"
"keys.add(""";;""");"
"keys.add(""";Ageas;""");"
"keys.add(""";Cummins;""");"
"keys.add(""";FirstEnergy;""");"
"keys.add(""";Mapfre;""");"
"keys.add(""";Macy's;""");"
"keys.add(""";Standard Chartered;""");"
"keys.add(""";DISH Network;""");"
"keys.add(""";Sysco;""");"
"keys.add(""";JBS;""");"
"keys.add(""";Baxter International;""");"
"keys.add(""";;""");"
"keys.add(""";Thales;""");"
"keys.add(""";Akzo Nobel;""");"
"keys.add(""";MTN Group;""");"
"keys.add(""";Becton Dickinson;""");"
"keys.add(""";Simon Property Group;""");"
"keys.add(""";Veolia Environnement;""");"
"keys.add(""";Shin-Etsu Chemical;""");"
"keys.add(""";Investor AB;""");"
"keys.add(""";Cognizant Technology;""");"
"keys.add(""";Suncorp Group;""");"
"keys.add(""";;""");"
"keys.add(""";GFNorte;""");"
"keys.add(""";Kyocera;""");"
"keys.add(""";Astellas Pharma;""");"
"keys.add(""";Akbank;""");"
"keys.add(""";RELX Group;""");"
"keys.add(""";Siam Commercial Bank;""");"
"keys.add(""";M&T Bank;""");"
"keys.add(""";Allied Irish Banks;""");"
"keys.add(""";Couche Tard;""");"
"keys.add(""";Air Products & Chemicals;""");"
"keys.add(""";;""");"
"keys.add(""";XL Group;""");"
"keys.add(""";Enbridge;""");"
"keys.add(""";Kering;""");"
"keys.add(""";Al Rajhi Bank;""");"
"keys.add(""";China Taiping Insurance;""");"
"keys.add(""";Banco de Sabadell;""");"
"keys.add(""";Mazda Motor;""");"
"keys.add(""";New World Development;""");"
"keys.add(""";Waste Management;""");"
"keys.add(""";Guosen Securities;""");"
"keys.add(""";;""");"
"keys.add(""";Publicis Groupe;""");"
"keys.add(""";Emirates NBD;""");"
"keys.add(""";Suncor Energy;""");"
"keys.add(""";Chinatrust Financial;""");"
"keys.add(""";Aisin Seiki;""");"
"keys.add(""";LafargeHolcim;""");"
"keys.add(""";MTR;""");"
"keys.add(""";JFE Holdings;""");"
"keys.add(""";Vale;""");"
"keys.add(""";NXP Semiconductors;""");"
"keys.add(""";;""");"
"keys.add(""";Evonik;""");"
"keys.add(""";Tesoro;""");"
"keys.add(""";Wheelock;""");"
"keys.add(""";LG Chem;""");"
"keys.add(""";Rogers Communications;""");"
"keys.add(""";Atlas Copco;""");"
"keys.add(""";Kasikornbank;""");"
"keys.add(""";ArcelorMittal;""");"
"keys.add(""";SCA;""");"
"keys.add(""";Saudi Electricity;""");"
"keys.add(""";;""");"
"keys.add(""";QBE Insurance Group;""");"
"keys.add(""";Bouygues;""");"
"keys.add(""";National Bank of Canada;""");"
"keys.add(""";Whirlpool;""");"
"keys.add(""";Dollar General;""");"
"keys.add(""";Posco;""");"
"keys.add(""";Adidas;""");"
"keys.add(""";Capgemini;""");"
"keys.add(""";ASML Holding;""");"
"keys.add(""";Woori Bank;""");"
"keys.add(""";;""");"
"keys.add(""";Public Bank;""");"
"keys.add(""";Mylan;""");"
"keys.add(""";Micron Technology;""");"
"keys.add(""";Repsol YPF;""");"
"keys.add(""";Daiwa Securities;""");"
"keys.add(""";Ferrovial;""");"
"keys.add(""";Resona Holdings;""");"
"keys.add(""";Regions Financial;""");"
"keys.add(""";Otsuka Holding;""");"
"keys.add(""";Infosys;""");"
"keys.add(""";;""");"
"keys.add(""";Liberty Global;""");"
"keys.add(""";IntercontinentalExchange;""");"
"keys.add(""";Murata Manufacturing;""");"
"keys.add(""";Kinder Morgan;""");"
"keys.add(""";Sodexo;""");"
"keys.add(""";Mitsubishi Estate;""");"
"keys.add(""";Hana Financial Group;""");"
"keys.add(""";Huatai Securities;""");"
"keys.add(""";Telenor;""");"
"keys.add(""";CME Group;""");"
"keys.add(""";;""");"
"keys.add(""";Franklin Resources;""");"
"keys.add(""";T&D Holdings;""");"
"keys.add(""";Unibail-Rodamco;""");"
"keys.add(""";Eversource Energy;""");"
"keys.add(""";Fairfax Financial;""");"
"keys.add(""";Northern Trust;""");"
"keys.add(""";China Eastern Airlines;""");"
"keys.add(""";Daiichi Sankyo;""");"
"keys.add(""";Tokyo Gas;""");"
"keys.add(""";Atlantia;""");"
"keys.add(""";;""");"
"keys.add(""";Legend Holding;""");"
"keys.add(""";Grupo Mexico;""");"
"keys.add(""";Sumitomo Electric;""");"
"keys.add(""";DTE Energy;""");"
"keys.add(""";Falabella;""");"
"keys.add(""";TELUS;""");"
"keys.add(""";Delphi Automotive;""");"
"keys.add(""";Toray Industries;""");"
"keys.add(""";Sabanci Holding;""");"
"keys.add(""";Bank Central Asia;""");"
"keys.add(""";;""");"
"keys.add(""";Unum;""");"
"keys.add(""";Siam Cement;""");"
"keys.add(""";Halliburton;""");"
"keys.add(""";Henderson Land;""");"
"keys.add(""";Daqin Railway;""");"
"keys.add(""";Aeon;""");"
"keys.add(""";VTB Bank;""");"
"keys.add(""";Telecom Italia;""");"
"keys.add(""";Guotai Junan Securities;""");"
"keys.add(""";J Sainsbury;""");"
"keys.add(""";;""");"
"keys.add(""";Shire;""");"
"keys.add(""";Citizens Financial Group;""");"
"keys.add(""";Kellogg;""");"
"keys.add(""";Applied Materials;""");"
"keys.add(""";Sumitomo Realty;""");"
"keys.add(""";Fujitsu;""");"
"keys.add(""";Best Buy;""");"
"keys.add(""";China Merchants Shekou Industrial Zone Holdings;""");"
"keys.add(""";Norilsk Nickel;""");"
"keys.add(""";Bankia;""");"
"keys.add(""";;""");"
"keys.add(""";Shenwan Hongyuan Group;""");"
"keys.add(""";George Weston;""");"
"keys.add(""";Occidental Petroleum;""");"
"keys.add(""";Bunge;""");"
"keys.add(""";Sumitomo Corp;""");"
"keys.add(""";Bank of Nanjing;""");"
"keys.add(""";Industrial Bank of Korea;""");"
"keys.add(""";Agrium;""");"
"keys.add(""";Yum Brands;""");"
"keys.add(""";Bharat Petroleum;""");"
"keys.add(""";;""");"
"keys.add(""";Dentsu;""");"
"keys.add(""";Constellation Brands;""");"
"keys.add(""";Scor;""");"
"keys.add(""";Chunghwa Telecom;""");"
"keys.add(""";Stanley Black & Decker;""");"
"keys.add(""";Grupo Aval;""");"
"keys.add(""";First Gulf Bank;""");"
"keys.add(""";VF;""");"
"keys.add(""";Telekom Indonesia;""");"
"keys.add(""";LG Display;""");"
"keys.add(""";;""");"
"keys.add(""";ThyssenKrupp Group;""");"
"keys.add(""";Ingersoll-Rand;""");"
"keys.add(""";West Japan Railway;""");"
"keys.add(""";Huadian Power International;""");"
"keys.add(""";Liberty Interactive;""");"
"keys.add(""";Takeda Pharmaceutical;""");"
"keys.add(""";WH Group;""");"
"keys.add(""";CIMB Group Holdings;""");"
"keys.add(""";JX Holdings;""");"
"keys.add(""";Kweichow Moutai;""");"
"keys.add(""";;""");"
"keys.add(""";Asahi Group Holdings;""");"
"keys.add(""";Porsche Automobil Holding;""");"
"keys.add(""";Nan Ya Plastics;""");"
"keys.add(""";China Resources Power;""");"
"keys.add(""";China Zheshang Bank;""");"
"keys.add(""";China Southern Airlines;""");"
"keys.add(""";China Yangtze Power;""");"
"keys.add(""";Altice;""");"
"keys.add(""";Xerox;""");"
"keys.add(""";Naspers;""");"
"keys.add(""";;""");"
"keys.add(""";Sekisui House;""");"
"keys.add(""";National Bank of Abu Dhabi;""");"
"keys.add(""";Safran;""");"
"keys.add(""";Asahi Kasei;""");"
"keys.add(""";Gree Electric Appliances;""");"
"keys.add(""";Wolseley;""");"
"keys.add(""";Broadcom;""");"
"keys.add(""";Republic Services;""");"
"keys.add(""";Bank of Ireland;""");"
"keys.add(""";Novatek;""");"
"keys.add(""";;""");"
"keys.add(""";Western Digital;""");"
"keys.add(""";China Merchants Securities;""");"
"keys.add(""";Sumitomo Chemical;""");"
"keys.add(""";Kao Corp;""");"
"keys.add(""";Formosa Chemicals;""");"
"keys.add(""";EstÇe Lauder;""");"
"keys.add(""";Japan Airlines;""");"
"keys.add(""";Ecopetrol;""");"
"keys.add(""";Deutsche Boerse;""");"
"keys.add(""";Fidelity National Information;""");"
"keys.add(""";;""");"
"keys.add(""";Yara International;""");"
"keys.add(""";China Galaxy Securities;""");"
"keys.add(""";American Tower;""");"
"keys.add(""";VMware;""");"
"keys.add(""";Shengjing Bank;""");"
"keys.add(""";RWE Group;""");"
"keys.add(""";Longfor Properties;""");"
"keys.add(""";Centrica;""");"
"keys.add(""";Swatch Group;""");"
"keys.add(""";China Energy Engineering;""");"
"keys.add(""";;""");"
"keys.add(""";Bank of Ningbo;""");"
"keys.add(""";Toyota Tsusho;""");"
"keys.add(""";Snam;""");"
"keys.add(""";Hong Kong Exchanges;""");"
"keys.add(""";Anglo American;""");"
"keys.add(""";Isuzu Motors;""");"
"keys.add(""";L Brands;""");"
"keys.add(""";Fanuc;""");"
"keys.add(""";Anhui Conch Cement;""");"
"keys.add(""";GD Power Development;""");"
"keys.add(""";;""");"
"keys.add(""";BYD;""");"
"keys.add(""";Sherwin-Williams;""");"
"keys.add(""";Rolls-Royce Holdings;""");"
"keys.add(""";Royal Caribbean Cruises;""");"
"keys.add(""";Loews;""");"
"keys.add(""";Sanlam;""");"
"keys.add(""";Toshiba;""");"
"keys.add(""";Baoshan Iron & Steel;""");"
"keys.add(""";WEC Energy Group;""");"
"keys.add(""";Essilor International;""");"
"keys.add(""";;""");"
"keys.add(""";Tohoku Electric Power;""");"
"keys.add(""";Ryanair Holdings;""");"
"keys.add(""";Bancolombia;""");"
"keys.add(""";Luxottica Group;""");"
"keys.add(""";Valeo;""");"
"keys.add(""";Canadian Natural Resources;""");"
"keys.add(""";KeyCorp;""");"
"keys.add(""";Credicorp;""");"
"keys.add(""";Samba Financial Group;""");"
"keys.add(""";Freeport;""");"
"keys.add(""";;""");"
"keys.add(""";Ross Stores;""");"
"keys.add(""";General Growth Properties;""");"
"keys.add(""";Metro Group;""");"
"keys.add(""";PotashCorp;""");"
"keys.add(""";Voya Financial;""");"
"keys.add(""";Hyundai Steel;""");"
"keys.add(""";CEZ Group;""");"
"keys.add(""";Ricoh;""");"
"keys.add(""";HAL Trust;""");"
"keys.add(""";YPF;""");"
"keys.add(""";;""");"
"keys.add(""";Solvay;""");"
"keys.add(""";Parker-Hannifin;""");"
"keys.add(""";TransCanada;""");"
"keys.add(""";AutoZone;""");"
"keys.add(""";Wipro;""");"
"keys.add(""";Anadarko Petroleum;""");"
"keys.add(""";Alcoa;""");"
"keys.add(""";Kingfisher;""");"
"keys.add(""";Textron;""");"
"keys.add(""";Woolworths;""");"
"keys.add(""";;""");"
"keys.add(""";Abu Dhabi Commercial Bank;""");"
"keys.add(""";Nidec;""");"
"keys.add(""";AerCap Holdings;""");"
"keys.add(""";Scentre Group;""");"
"keys.add(""";CNH Industrial;""");"
"keys.add(""";Fast Retailing;""");"
"keys.add(""";Prologis;""");"
"keys.add(""";Kone;""");"
"keys.add(""";Eastman Chemical;""");"
"keys.add(""";UPM-Kymmene;""");"
"keys.add(""";;""");"
"keys.add(""";Kansai Electric Power;""");"
"keys.add(""";KPN;""");"
"keys.add(""";Mosaic;""");"
"keys.add(""";Magnit;""");"
"keys.add(""";National Bank of Kuwait;""");"
"keys.add(""";ZTE;""");"
"keys.add(""";Marriott International;""");"
"keys.add(""";London Stock Exchange;""");"
"keys.add(""";Bangkok Bank;""");"
"keys.add(""";Devon Energy;""");"
"keys.add(""";;""");"
"keys.add(""";All Nippon Airways;""");"
"keys.add(""";ITC;""");"
"keys.add(""";Baxalta;""");"
"keys.add(""";Charter Communications;""");"
"keys.add(""";Canadian Pacific Railway;""");"
"keys.add(""";CarMax;""");"
"keys.add(""";Invesco;""");"
"keys.add(""";Kuehne + Nagel;""");"
"keys.add(""";Cathay Pacific Airways;""");"
"keys.add(""";Shanghai Electric Group;""");"
"keys.add(""";;""");"
"keys.add(""";Orient Securities;""");"
"keys.add(""";Mega Financial Holding;""");"
"keys.add(""";Mercantil Servicios;""");"
"keys.add(""";CGN Power;""");"
"keys.add(""";Chongqing Changan Auto;""");"
"keys.add(""";Great Wall Motor;""");"
"keys.add(""";Schaeffler;""");"
"keys.add(""";Baker Hughes;""");"
"keys.add(""";Deutsche Annington Immobilien;""");"
"keys.add(""";JD.com;""");"
"keys.add(""";;""");"
"keys.add(""";Bank of Baroda;""");"
"keys.add(""";Inpex;""");"
"keys.add(""";Land Securities Group;""");"
"keys.add(""";Assa Abloy;""");"
"keys.add(""";BÉloise Group;""");"
"keys.add(""";EOG Resources;""");"
"keys.add(""";Expedia;""");"
"keys.add(""";Cenovus Energy;""");"
"keys.add(""";Kohl's;""");"
"keys.add(""";Tatneft;""");"
"keys.add(""";;""");"
"keys.add(""";Datang International Power;""");"
"keys.add(""";IDGC Holding;""");"
"keys.add(""";Sime Darby;""");"
"keys.add(""";LG Electronics;""");"
"keys.add(""";OMV Group;""");"
"keys.add(""";Marks & Spencer;""");"
"keys.add(""";Guangdong Wens Foodstuffs Group;""");"
"keys.add(""";CSL;""");"
"keys.add(""";Hyundai Heavy Industries;""");"
"keys.add(""";PKN Orlen;""");"
"keys.add(""";;""");"
"keys.add(""";Link REIT;""");"
"keys.add(""";KT Corp;""");"
"keys.add(""";Reinsurance Group of America;""");"
"keys.add(""";O'Reilly Automotive;""");"
"keys.add(""";LG Corp;""");"
"keys.add(""";Lennar;""");"
"keys.add(""";Delhaize Group;""");"
"keys.add(""";Westfield;""");"
"keys.add(""";Sinopharm Group;""");"
"keys.add(""";Saudi British Bank;""");"
"keys.add(""";;""");"
"keys.add(""";Discovery Communications;""");"
"keys.add(""";Osaka Gas;""");"
"keys.add(""";China Fortune Land Development;""");"
"keys.add(""";Entergy;""");"
"keys.add(""";Nucor;""");"
"keys.add(""";Zhejiang Zheneng Electric Power;""");"
"keys.add(""";Adobe Systems;""");"
"keys.add(""";Riyad Bank;""");"
"keys.add(""";Chongqing Rural Bank;""");"
"keys.add(""";Lenovo Group;""");"
"keys.add(""";;""");"
"keys.add(""";Genuine Parts;""");"
"keys.add(""";Activision Blizzard;""");"
"keys.add(""";Quanta Computer;""");"
"keys.add(""";Schindler Holding;""");"
"keys.add(""";Welltower;""");"
"keys.add(""";Krung Thai Bank;""");"
"keys.add(""";TD Ameritrade Holding;""");"
"keys.add(""";Valeant Pharmaceuticals;""");"
"keys.add(""";Ooredoo Telecom;""");"
"keys.add(""";Shimao Property Holdings;""");"
"keys.add(""";;""");"
"keys.add(""";Mitsubishi Chemical;""");"
"keys.add(""";China Shipbuilding Industry;""");"
"keys.add(""";Rakuten;""");"
"keys.add(""";Secom;""");"
"keys.add(""";Dollar Tree;""");"
"keys.add(""";BOE Technology Group;""");"
"keys.add(""";Ameren;""");"
"keys.add(""";Bank of East Asia;""");"
"keys.add(""";DR Horton;""");"
"keys.add(""";Alliance Data Systems;""");"
"keys.add(""";;""");"
"keys.add(""";Formosa Plastics;""");"
"keys.add(""";Everbright Securities;""");"
"keys.add(""";Nielsen;""");"
"keys.add(""";Pegatron;""");"
"keys.add(""";SM Investments;""");"
"keys.add(""";Punjab National Bank;""");"
"keys.add(""";Markel;""");"
"keys.add(""";Recruit Holdings;""");"
"keys.add(""";Shanghai International Port;""");"
"keys.add(""";Weyerhaeuser;""");"
"keys.add(""";;""");"
"keys.add(""";Banque Saudi Fransi;""");"
"keys.add(""";Hormel Foods;""");"
"keys.add(""";Skanska;""");"
"keys.add(""";Power Assets Holdings;""");"
"keys.add(""";Ajinomoto;""");"
"keys.add(""";Gap;""");"
"keys.add(""";Keppel Corp;""");"
"keys.add(""";Halkbank;""");"
"keys.add(""";Eiffage;""");"
"keys.add(""";Hermäs International;""");"
"keys.add(""";;""");"
"keys.add(""";Aena;""");"
"keys.add(""";Ita£sa;""");"
"keys.add(""";Tokyu;""");"
"keys.add(""";Grupo Televisa;""");"
"keys.add(""";AES;""");"
"keys.add(""";EnBW-Energie Baden;""");"
"keys.add(""";Kirin Holdings;""");"
"keys.add(""";Bank Hapoalim;""");"
"keys.add(""";British Land;""");"
"keys.add(""";Everest Re Group;""");"
"keys.add(""";;""");"
"keys.add(""";BRF;""");"
"keys.add(""";Insurance Australia Group;""");"
"keys.add(""";Emaar Properties;""");"
"keys.add(""";DaVita;""");"
"keys.add(""";Singapore Airlines;""");"
"keys.add(""";Husky Energy;""");"
"keys.add(""";Hanwha Corp;""");"
"keys.add(""";Tyco International;""");"
"keys.add(""";Kotak Mahindra Bank;""");"
"keys.add(""";Williams;""");"
"keys.add(""";;""");"
"keys.add(""";Mahindra & Mahindra;""");"
"keys.add(""";First Data;""");"
"keys.add(""";Unipol Gruppo;""");"
"keys.add(""";Huishang Bank;""");"
"keys.add(""";Navient;""");"
"keys.add(""";DP World;""");"
"keys.add(""";Vestas Wind Systems;""");"
"keys.add(""";Cemex;""");"
"keys.add(""";Aluminum Corp of China;""");"
"keys.add(""";McGraw-Hill;""");"
"keys.add(""";;""");"
"keys.add(""";National Oilwell Varco;""");"
"keys.add(""";Lotte Shopping;""");"
"keys.add(""";Barrick Gold;""");"
"keys.add(""";S-Oil;""");"
"keys.add(""";CIT Group;""");"
"keys.add(""";Vornado Realty;""");"
"keys.add(""";Equity Residential;""");"
"keys.add(""";Avalonbay Communities;""");"
"keys.add(""";Xiamen C&D;""");"
"keys.add(""";Lear;""");"
"keys.add(""";;""");"
"keys.add(""";CMS Energy;""");"
"keys.add(""";WW Grainger;""");"
"keys.add(""";First Republic Bank;""");"
"keys.add(""";Randstad Holding;""");"
"keys.add(""";Yahoo;""");"
"keys.add(""";CapitaLand;""");"
"keys.add(""";Towngas;""");"
"keys.add(""";Hess;""");"
"keys.add(""";Huntington Bancshares;""");"
"keys.add(""";Beiersdorf;""");"
"keys.add(""";;""");"
"keys.add(""";Flextronics International;""");"
"keys.add(""";Stora Enso;""");"
"keys.add(""";Public Storage;""");"
"keys.add(""";Campbell Soup;""");"
"keys.add(""";Obayashi;""");"
"keys.add(""";Johnson Matthey;""");"
"keys.add(""";Grupo Inbursa;""");"
"keys.add(""";PKO Bank Polski;""");"
"keys.add(""";Taisei;""");"
"keys.add(""";St Jude Medical;""");"
"keys.add(""";;""");"
"keys.add(""";JM Smucker;""");"
"keys.add(""";Power Grid of India;""");"
"keys.add(""";HCL Technologies;""");"
"keys.add(""";Ultrapar Participacoes;""");"
"keys.add(""";Crown Castle International;""");"
"keys.add(""";Canara Bank;""");"
"keys.add(""";VakifBank;""");"
"keys.add(""";Banco De Venezuela;""");"
"keys.add(""";Inner Mongolia Yili;""");"
"keys.add(""";Lotte Chemical;""");"
"keys.add(""";;""");"
"keys.add(""";Braskem;""");"
"keys.add(""";Finatis;""");"
"keys.add(""";Bank of Greece;""");"
"keys.add(""";Uni-President;""");"
"keys.add(""";CGI Group;""");"
"keys.add(""";Qingdao Haier;""");"
"keys.add(""";LabCorp;""");"
"keys.add(""";Raiffeisen Bank International;""");"
"keys.add(""";Investec;""");"
"keys.add(""";Mediobanca;""");"
"keys.add(""";;""");"
"keys.add(""";Universal Health;""");"
"keys.add(""";Voestalpine;""");"
"keys.add(""";China National Nuclear Power;""");"
"keys.add(""";Guangzhou R&F;""");"
"keys.add(""";Mohawk Industries;""");"
"keys.add(""";Amcor;""");"
"keys.add(""";WestRock;""");"
"keys.add(""";Fidelity National Financial;""");"
"keys.add(""";Annaly Capital Management;""");"
"keys.add(""";Infineon Technologies;""");"
"keys.add(""";;""");"
"keys.add(""";Cincinnati Financial;""");"
"keys.add(""";Turkish Airlines;""");"
"keys.add(""";CBRE Group;""");"
"keys.add(""";Boston Scientific;""");"
"keys.add(""";Zimmer Holdings;""");"
"keys.add(""";Onex;""");"
"keys.add(""";Newmont Mining;""");"
"keys.add(""";Boston Properties;""");"
"keys.add(""";Suntory Beverage & Food;""");"
"keys.add(""";Suning Appliance;""");"
"keys.add(""";;""");"
"keys.add(""";Mediatek;""");"
"keys.add(""";China Coal Energy;""");"
"keys.add(""";Goodyear;""");"
"keys.add(""";SDIC Power Holdings;""");"
"keys.add(""";Grupa PZU;""");"
"keys.add(""";Grupo Bimbo;""");"
"keys.add(""";BAIC Motor;""");"
"keys.add(""";C.H. Robinson Worldwide;""");"
"keys.add(""";MGM Resorts;""");"
"keys.add(""";Whole Foods Market;""");"
"keys.add(""";;""");"
"keys.add(""";Bed Bath & Beyond;""");"
"keys.add(""";ConAgra Foods;""");"
"keys.add(""";Beijing Enterprises;""");"
"keys.add(""";Shimizu;""");"
"keys.add(""";Daito Trust Construction;""");"
"keys.add(""";Arrow Electronics;""");"
"keys.add(""";Nordstrom;""");"
"keys.add(""";Keyence;""");"
"keys.add(""";Cencosud;""");"
"keys.add(""";Fortis (Canada);""");"
"keys.add(""";;""");"
"keys.add(""";Spectra Energy;""");"
"keys.add(""";NEC;""");"
"keys.add(""";Transocean;""");"
"keys.add(""";Henry Schein;""");"
"keys.add(""";Mitsubishi Motors;""");"
"keys.add(""";Avnet;""");"
"keys.add(""";Finmeccanica;""");"
"keys.add(""";Quest Diagnostics;""");"
"keys.add(""";Schroders;""");"
"keys.add(""";TDK;""");"
"keys.add(""";;""");"
"keys.add(""";Dr Pepper Snapple Group;""");"
"keys.add(""";TUI;""");"
"keys.add(""";PTT Global Chemical;""");"
"keys.add(""";Hershey;""");"
"keys.add(""";TCL Corp;""");"
"keys.add(""";Founder Securities;""");"
"keys.add(""";Carlsberg;""");"
"keys.add(""";Fiserv;""");"
"keys.add(""";Korea Gas;""");"
"keys.add(""";Rockwell Automation;""");"
"keys.add(""";;""");"
"keys.add(""";WR Berkley;""");"
"keys.add(""";Pgnig Group;""");"
"keys.add(""";ATOS;""");"
"keys.add(""";Hydro One;""");"
"keys.add(""";Bank Leumi;""");"
"keys.add(""";Kuwait Finance House;""");"
"keys.add(""";Dubai Islamic Bank;""");"
"keys.add(""";Axiata Group;""");"
"keys.add(""";Gemdale;""");"
"keys.add(""";Helvetia Holding;""");"
"keys.add(""";;""");"
"keys.add(""";Lam Research;""");"
"keys.add(""";Bank of Yokohama;""");"
"keys.add(""";Galp Energia;""");"
"keys.add(""";Intact Financial;""");"
"keys.add(""";Amphenol;""");"
"keys.add(""";Raymond James Financial;""");"
"keys.add(""";Centene;""");"
"keys.add(""";Leucadia National;""");"
"keys.add(""";Dongbu Insurance;""");"
"keys.add(""";Neste Oil;""");"
"keys.add(""";;""");"
"keys.add(""";T Rowe Price;""");"
"keys.add(""";Kerry Group;""");"
"keys.add(""";Ventas;""");"
"keys.add(""";Qantas Airways;""");"
"keys.add(""";Deutsche Wohnen;""");"
"keys.add(""";Apache;""");"
"keys.add(""";Next;""");"
"keys.add(""";Alleghany;""");"
"keys.add(""";Comerica;""");"
"keys.add(""";Advanced Semiconductor;""");"
"keys.add(""";;""");"
"keys.add(""";Bank of India;""");"
"keys.add(""";Salesforce.com;""");"
"keys.add(""";Novolipetsk Steel;""");"
"keys.add(""";Industries Qatar;""");"
"keys.add(""";Gecina;""");"
"keys.add(""";Japan Exchange Group;""");"
"keys.add(""";China National Building;""");"
"keys.add(""";Financiere de l'Odet;""");"
"keys.add(""";Shanghai Pharmaceuticals;""");"
"keys.add(""";SCANA;""");"
"keys.add(""";;""");"
"keys.add(""";ALFA;""");"
"keys.add(""";Bidvest Group;""");"
"keys.add(""";Bank Negara Indonesia;""");"
"keys.add(""";Symantec;""");"
"keys.add(""";Bank of Tianjin;""");"
"keys.add(""";Advance Auto Parts;""");"
"keys.add(""";Clorox;""");"
"keys.add(""";China Steel;""");"
"keys.add(""";CP All;""");"
"keys.add(""";Regeneron Pharmaceuticals;""");"
"keys.add(""";;""");"
"keys.add(""";Adecco;""");"
"keys.add(""";Kyushu Financial Group;""");"
"keys.add(""";Seagate Technology;""");"
"keys.add(""";Wm Morrison Supermarkets;""");"
"keys.add(""";Mitsubishi UFJ Lease;""");"
"keys.add(""";SGS;""");"
"keys.add(""";Asustek Computer;""");"
"keys.add(""";Nippon Yusen;""");"
"keys.add(""";American Financial Group;""");"
"keys.add(""";Ctrip.com International;""");"
"keys.add(""";;""");"
"keys.add(""";Sinotex Investment & Development;""");"
"keys.add(""";Meiji Holdings;""");"
"keys.add(""";Mitsubishi Materials;""");"
"keys.add(""";HD Supply Holdings;""");"
"keys.add(""";Interpublic Group;""");"
"keys.add(""";Saputo;""");"
"keys.add(""";GAIL India;""");"
"keys.add(""";Kajima;""");"
"keys.add(""";Jeronimo Martins;""");"
"keys.add(""";Galaxy Entertainment;""");"
"keys.add(""";;""");"
"keys.add(""";Cielo;""");"
"keys.add(""";Coca-Cola Enterprises;""");"
"keys.add(""";Netflix;""");"
"keys.add(""";China Gezhouba;""");"
"keys.add(""";Asahi Glass;""");"
"keys.add(""";Nitto Denko;""");"
"keys.add(""";HollyFrontier;""");"
"keys.add(""";Hikvision;""");"
"keys.add(""";Guangzhou Automobile Group;""");"
"keys.add(""";Canadian Tire;""");"
"keys.add(""";;""");"
"keys.add(""";Marathon Oil;""");"
"keys.add(""";Terna;""");"
"keys.add(""";El Puerto de Liverpool;""");"
"keys.add(""";Advanced Info Service;""");"
"keys.add(""";NVIDIA;""");"
"keys.add(""";Host Hotels & Resorts;""");"
"keys.add(""";EasyJet;""");"
"keys.add(""";Kyushu Electric Power;""");"
"keys.add(""";Air France-KLM;""");"
"keys.add(""";Amadeus IT Holdings;""");"
"keys.add(""";;""");"
"keys.add(""";Tokyo Electron;""");"
"keys.add(""";Hankyu Hanshin Holdings;""");"
"keys.add(""";Bashneft;""");"
"keys.add(""";Arab National Bank;""");"
"keys.add(""";W&W-WÅstenrot;""");"
"keys.add(""";Sandvik;""");"
"keys.add(""";Bank of Jinzhou;""");"
"keys.add(""";VimpelCom;""");"
"keys.add(""";Woodside Petroleum;""");"
"keys.add(""";Power Finance;""");"
"keys.add(""";;""");"
"keys.add(""";Sun Pharma Industries;""");"
"keys.add(""";Yamaha Motor;""");"
"keys.add(""";Staples;""");"
"keys.add(""";Pentair;""");"
"keys.add(""";Netease;""");"
"keys.add(""";Fluor;""");"
"keys.add(""";Harley-Davidson;""");"
"keys.add(""";Moody's;""");"
"keys.add(""";JG Summit Holdings;""");"
"keys.add(""";Thai Beverage;""");"
"keys.add(""";;""");"
"keys.add(""";Harbin Bank;""");"
"keys.add(""";Shanghai Construction;""");"
"keys.add(""";St. James's Place;""");"
"keys.add(""";Delta Electronics;""");"
"keys.add(""";Mondi;""");"
"keys.add(""";Royal Mail;""");"
"keys.add(""";SMC;""");"
"keys.add(""";Rite Aid;""");"
"keys.add(""";PVH;""");"
"keys.add(""";Lend Lease Group;""");"
"keys.add(""";;""");"
"keys.add(""";RSA Insurance Group;""");"
"keys.add(""";Brambles;""");"
"keys.add(""";Genworth Financial;""");"
"keys.add(""";Abertis;""");"
"keys.add(""";Arch Capital Group;""");"
"keys.add(""";Western Union;""");"
"keys.add(""";Legrand;""");"
"keys.add(""";Attijariwafa Bank;""");"
"keys.add(""";Tenaris;""");"
"keys.add(""";Willis Towers Watson;""");"
"keys.add(""";;""");"
"keys.add(""";AntarChile;""");"
"keys.add(""";Motorola Solutions;""");"
"keys.add(""";Dover;""");"
"keys.add(""";Experian;""");"
"keys.add(""";Intuit;""");"
"keys.add(""";Bankinter;""");"
"keys.add(""";Belgacom;""");"
"keys.add(""";Givaudan;""");"
"keys.add(""";Kintetsu;""");"
"keys.add(""";Idemitsu Kosan;""");"
"keys.add(""";;""");"
"keys.add(""";First Financial Holding;""");"
"keys.add(""";Fortescue Metals Group;""");"
"keys.add(""";Shin Kong Financial;""");"
"keys.add(""";Shenzhen Overseas;""");"
"keys.add(""";Lixil Group;""");"
"keys.add(""";Community Health Systems;""");"
"keys.add(""";China Cosco Holdings;""");"
"keys.add(""";NRG Energy;""");"
"keys.add(""";Autoliv;""");"
"keys.add(""";Electronic Arts;""");"
"keys.add(""";;""");"
"keys.add(""";American Water Works;""");"
"keys.add(""";Perrigo;""");"
"keys.add(""";Roper Industries;""");"
"keys.add(""";Noble Group;""");"
"keys.add(""";BorgWarner;""");"
"keys.add(""";Zijin Mining Group;""");"
"keys.add(""";Qatar Islamic Bank;""");"
"keys.add(""";Tata Steel;""");"
"keys.add(""";Wuliangye Yibin;""");"
"keys.add(""";Alaska Air Group;""");"
"keys.add(""";;""");"
"keys.add(""";Uniqa;""");"
"keys.add(""";Hoya;""");"
"keys.add(""";Popular;""");"
"keys.add(""";Industrial Securities;""");"
"keys.add(""";Oriental Land;""");"
"keys.add(""";Doosan;""");"
"keys.add(""";Brenntag;""");"
"keys.add(""";Vienna Insurance Group;""");"
"keys.add(""";Banco Popolare;""");"
"keys.add(""";CA;""");"
"keys.add(""";;""");"
"keys.add(""";Renesas Electronics;""");"
"keys.add(""";CenterPoint Energy;""");"
"keys.add(""";E-Trade Financial;""");"
"keys.add(""";Top Frontier Investment Holdings;""");"
"keys.add(""";Paychex;""");"
"keys.add(""";Vedanta Resources;""");"
"keys.add(""";Restaurant Brands International;""");"
"keys.add(""";Caesars Entertainment;""");"
"keys.add(""";ITV;""");"
"keys.add(""";GS Holdings;""");"
"keys.add(""";;""");"
"keys.add(""";Hyundai Engineering;""");"
"keys.add(""";Jiangxi Copper;""");"
"keys.add(""";Shinsei Bank;""");"
"keys.add(""";China Hongqiao Group;""");"
"keys.add(""";Banca Mediolanum;""");"
"keys.add(""";Banco Popular Espanol;""");"
"keys.add(""";Grifols;""");"
"keys.add(""";Rockwell Collins;""");"
"keys.add(""";Tenet Healthcare;""");"
"keys.add(""";Intuitive Surgical;""");"
"keys.add(""";;""");"
"keys.add(""";Cerner;""");"
"keys.add(""";Masraf Al Rayan;""");"
"keys.add(""";SKF Group;""");"
"keys.add(""";Antero Resources;""");"
"keys.add(""";Starwood Hotels;""");"
"keys.add(""";KT&G;""");"
"keys.add(""";Brown-Forman;""");"
"keys.add(""";Shizuoka Bank;""");"
"keys.add(""";Severstal;""");"
"keys.add(""";Dangote Cement;""");"
"keys.add(""";;""");"
"keys.add(""";Jiangsu Yanghe Brewery;""");"
"keys.add(""";Skyworks Solutions;""");"
"keys.add(""";Julius Baer Group;""");"
"keys.add(""";Ayala Corporation;""");"
"keys.add(""";CJ Corp;""");"
"keys.add(""";Hebei Iron & Steel;""");"
"keys.add(""";Chiba Bank;""");"
"keys.add(""";Bombardier;""");"
"keys.add(""";Hindalco Industries;""");"
"keys.add(""";Monster Beverage;""");"
"keys.add(""";;""");"
"keys.add(""";Global Logistic Properties;""");"
"keys.add(""";Rural Electrification;""");"
"keys.add(""";Sun Art Retail Group;""");"
"keys.add(""";Analog Devices;""");"
"keys.add(""";Red ElÇctrica;""");"
"keys.add(""";Sojitz;""");"
"keys.add(""";Signature Bank;""");"
"keys.add(""";Bunzl;""");"
"keys.add(""";Foot Locker;""");"
"keys.add(""";Manpower;""");"
"keys.add(""";;""");"
"keys.add(""";Amorepacific;""");"
"keys.add(""";BPI;""");"
"keys.add(""";Norsk Hydro;""");"
"keys.add(""";Barratt Developments;""");"
"keys.add(""";Tractor Supply;""");"
"keys.add(""";Genting;""");"
"keys.add(""";Starwood Property Trust;""");"
"keys.add(""";Eletrobr†s;""");"
"keys.add(""";CDW;""");"
"keys.add(""";Ezdan Holding Group;""");"
"keys.add(""";;""");"
"keys.add(""";L-3 Communications;""");"
"keys.add(""";Wyndham Worldwide;""");"
"keys.add(""";Mead Johnson Nutrition;""");"
"keys.add(""";Colruyt;""");"
"keys.add(""";UC Rusal;""");"
"keys.add(""";Century Tokyo Leasing;""");"
"keys.add(""";Hainan Airlines;""");"
"keys.add(""";LKQ;""");"
"keys.add(""";Chow Tai Fook Jewellery;""");"
"keys.add(""";Caltex Australia;""");"
"keys.add(""";;""");"
"keys.add(""";Crown Holdings;""");"
"keys.add(""";AutoNation;""");"
"keys.add(""";Kimco Realty;""");"
"keys.add(""";Origin Energy;""");"
"keys.add(""";Delta Lloyd;""");"
"keys.add(""";SanDisk;""");"
"keys.add(""";Bank of Chongqing;""");"
"keys.add(""";Edwards Lifesciences;""");"
"keys.add(""";Pearson;""");"
"keys.add(""";Taiwan Cooperative Financial;""");"
"keys.add(""";;""");"
"keys.add(""";Seiko Epson;""");"
"keys.add(""";Actelion;""");"
"keys.add(""";Hua Nan Financial;""");"
"keys.add(""";CF Industries Holdings;""");"
"keys.add(""";Check Point Software;""");"
"keys.add(""";National Bank of Greece;""");"
"keys.add(""";Union Bank of India;""");"
"keys.add(""";Metro;""");"
"keys.add(""";BS Financial Group;""");"
"keys.add(""";Molson Coors Brewing;""");"
"keys.add(""";;""");"
"keys.add(""";Alstom;""");"
"keys.add(""";Yanzhou Coal Mining;""");"
"keys.add(""";Michael Kors Holdings;""");"
"keys.add(""";ICA Gruppen;""");"
"keys.add(""";Mitsui OSK Lines;""");"
"keys.add(""";Technip;""");"
"keys.add(""";DSM;""");"
"keys.add(""";InterContinental Hotels;""");"
"keys.add(""";Noble Energy;""");"
"keys.add(""";Goldcorp;""");"
"keys.add(""";;""");"
"keys.add(""";Samsung SDS;""");"
"keys.add(""";Turkcell;""");"
"keys.add(""";Assurant;""");"
"keys.add(""";Petronas Chemicals;""");"
"keys.add(""";Charoen Pokphand Foods;""");"
"keys.add(""";Direct Line Insurance;""");"
"keys.add(""";Arab Bank;""");"
"keys.add(""";Goodman Group;""");"
"keys.add(""";Bank of Zhengzhou;""");"
"keys.add(""";ARM Holdings;""");"
"keys.add(""";;""");"
"keys.add(""";Li & Fung;""");"
"keys.add(""";Hindustan Petroleum;""");"
"keys.add(""";Mashreq Bank;""");"
"keys.add(""";Hyundai Marine & Fire;""");"
"keys.add(""";Vicinity Centres;""");"
"keys.add(""";BCI-Banco Credito;""");"
"keys.add(""";Yamato Holdings;""");"
"keys.add(""";Stockland Australia;""");"
"keys.add(""";Electric Power Development;""");"
"keys.add(""";Ralph Lauren;""");"
"keys.add(""";;""");"
"keys.add(""";Masco;""");"
"keys.add(""";Airports of Thailand;""");"
"keys.add(""";Hertz Global Holdings;""");"
"keys.add(""";Dai Nippon Printing;""");"
"keys.add(""";Hammerson;""");"
"keys.add(""";Industrial Alliance Insurance;""");"
"keys.add(""";Sika;""");"
"keys.add(""";United Utilities;""");"
"keys.add(""";Torchmark;""");"
"keys.add(""";E-mart;""");"
"keys.add(""";;""");"
"keys.add(""";Inner Mongolia Baotou Steel;""");"
"keys.add(""";Ingram Micro;""");"
"keys.add(""";Zoetis;""");"
"keys.add(""";Spirit AeroSystems;""");"
"keys.add(""";Expeditors International;""");"
"keys.add(""";Kobe Steel;""");"
"keys.add(""";Banca MPS;""");"
"keys.add(""";Fukuoka Financial Group;""");"
"keys.add(""";Norwegian Cruise Line Holdings;""");"
"keys.add(""";Illumina;""");"
"keys.add(""";;""");"
"keys.add(""";Shimano;""");"
"keys.add(""";Signet Jewelers;""");"
"keys.add(""";Hanesbrands;""");"
"keys.add(""";Pioneer Natural Resources;""");"
"keys.add(""";Hyosung;""");"
"keys.add(""";Toppan Printing;""");"
"keys.add(""";Dassault Systemes;""");"
"keys.add(""";Shionogi;""");"
"keys.add(""";GKN;""");"
"keys.add(""";HCP;""");"
"keys.add(""";;""");"
"keys.add(""";Aramark;""");"
"keys.add(""";MOL Hungarian Oil;""");"
"keys.add(""";JB Hunt Transport;""");"
"keys.add(""";MISC;""");"
"keys.add(""";Eisai;""");"
"keys.add(""";Electrolux Group;""");"
"keys.add(""";AVIC Capita;""");"
"keys.add(""";Chugoku Electric Power;""");"
"keys.add(""";BBMG;""");"
"keys.add(""";China International Marine;""");"
"keys.add(""";;""");"
"keys.add(""";SES;""");"
"keys.add(""";Weatherford International;""");"
"keys.add(""";Fortum;""");"
"keys.add(""";Juniper Networks;""");"
"keys.add(""";Taylor Wimpey;""");"
"keys.add(""";Alexion Pharmaceuticals;""");"
"keys.add(""";Shaw Communications;""");"
"keys.add(""";Jyske Bank;""");"
"keys.add(""";Jabil Circuit;""");"
"keys.add(""";Aeroports de Paris;""");"
"keys.add(""";;""");"
"keys.add(""";Ahli United Bank;""");"
"keys.add(""";Sharp;""");"
"keys.add(""";Naver;""");"
"keys.add(""";Hexagon;""");"
"keys.add(""";Kawasaki Heavy Industries;""");"
"keys.add(""";Unicharm;""");"
"keys.add(""";Commercial International Bank;""");"
"keys.add(""";Persimmon;""");"
"keys.add(""";UCB;""");"
"keys.add(""";Chipotle Mexican Grill;""");"
"keys.add(""";;""");"
"keys.add(""";Ball;""");"
"keys.add(""";JetBlue Airways;""");"
"keys.add(""";Pandora;""");"
"keys.add(""";E.Sun Financial;""");"
"keys.add(""";IndusInd Bank;""");"
"keys.add(""";United Rentals;""");"
"keys.add(""";BCV Group;""");"
"keys.add(""";China Merchants Holdings;""");"
"keys.add(""";Metropolitan Bank & Trust;""");"
"keys.add(""";News Corp;""");"
"keys.add(""";;""");"
"keys.add(""";Aareal Bank;""");"
"keys.add(""";China National Chemical;""");"
"keys.add(""";ISS;""");"
"keys.add(""";Wuhan Iron & Steel;""");"
"keys.add(""";Oneok;""");"
"keys.add(""";Idea Cellular;""");"
"keys.add(""";Gudang Garam;""");"
"keys.add(""";Smurfit Kappa Group;""");"
"keys.add(""";Medipal Holdings;""");"
"keys.add(""";Taishin Financial Holdings;""");"
"keys.add(""";;""");"
"keys.add(""";Ametek;""");"
"keys.add(""";Changjiang Securities;""");"
"keys.add(""";Smith & Nephew;""");"
"keys.add(""";Fonciäre des RÇgions;""");"
"keys.add(""";Wolters Kluwer;""");"
"keys.add(""";Newell Rubbermaid;""");"
"keys.add(""";China Life Insurance (Taiwan);""");"
"keys.add(""";RHB Capital;""");"
"keys.add(""";Sealed Air;""");"
"keys.add(""";Arca Continental;""");"
"keys.add(""";;""");"
"keys.add(""";Metalurgica Gerdau;""");"
"keys.add(""";Gjensidige Forsikring;""");"
"keys.add(""";Saudi Hollandi Bank;""");"
"keys.add(""";LG Household & Health Care;""");"
"keys.add(""";Sekisui Chemical;""");"
"keys.add(""";Chang Hwa Bank;""");"
"keys.add(""";Klepierre;""");"
"keys.add(""";New York Community;""");"
"keys.add(""";DCC;""");"
"keys.add(""";Weichai Power;""");"
"keys.add(""";;""");"
"keys.add(""";Phoenix Group Holdings;""");"
"keys.add(""";Transurban Group;""");"
"keys.add(""";Whitbread;""");"
"keys.add(""";UBI Banca;""");"
"keys.add(""";Shanghai Commercial & Savings Bank;""");"
"keys.add(""";Brait;""");"
"keys.add(""";Frontier Communications;""");"
"keys.add(""";Fastenal;""");"
"keys.add(""";Intu Properties;""");"
"keys.add(""";Sociedades Bolivar;""");"
"keys.add(""";;""");"
"keys.add(""";Avis Budget Group;""");"
"keys.add(""";OTP Bank;""");"
"keys.add(""";LARGAN Precision;""");"
"keys.add(""";Saudi Arabian Mining;""");"
"keys.add(""";Bank Muscat;""");"
"keys.add(""";AECOM Technology;""");"
"keys.add(""";DSME;""");"
"keys.add(""";Verisk Analytics;""");"
"keys.add(""";Hasbro;""");"
"keys.add(""";Grupo Carso;""");"
"keys.add(""";;""");"
"keys.add(""";Hong Leong Financial;""");"
"keys.add(""";Zions Bancorp;""");"
"keys.add(""";Korean Air;""");"
"keys.add(""";Cemig;""");"
"keys.add(""";WÑrtsilÑ;""");"
"keys.add(""";Nintendo;""");"
"keys.add(""";Hyundai Glovis;""");"
"keys.add(""";Kerry Properties;""");"
"keys.add(""";Teck Resources;""");"
"keys.add(""";Sistema;""");"
"keys.add(""";;""");"
"keys.add(""";Terumo;""");"
"keys.add(""";AGL Energy;""");"
"keys.add(""";Oji Holdings;""");"
"keys.add(""";Steel Authority of India;""");"
"keys.add(""";Belle International Holdings;""");"
"keys.add(""";IDBI Bank;""");"
"keys.add(""";Xilinx;""");"
"keys.add(""";Assured Guaranty;""");"
"keys.add(""";NASDAQ OMX Group;""");"
"keys.add(""";Axis Capital Holdings;""");"
"keys.add(""";;""");"
"keys.add(""";East West Bancorp;""");"
"keys.add(""";Old Republic International;""");"
"keys.add(""";Bank Audi;""");"
"keys.add(""";Sears Holdings;""");"
"keys.add(""";Turk Telekom;""");"
"keys.add(""";Iliad;""");"
"keys.add(""";Pinnacle West;""");"
"keys.add(""";Union National Bank;""");"
"keys.add(""";Innolux;""");"
"keys.add(""";Storebrand;""");"
"keys.add(""";;""");"
"keys.add(""";NSK;""");"
"keys.add(""";SVB Financial Group;""");"
"keys.add(""";Mattel;""");"
"keys.add(""";Agilent Technologies;""");"
"keys.add(""";Oi;""");"
"keys.add(""";Dixons Carphone;""");"
"keys.add(""";Compal Electronics;""");"
"keys.add(""";Olam International;""");"
"keys.add(""";Companhia Brasileira de Distribuicao;""");"
"keys.add(""";SL Green Realty;""");"
"keys.add(""";;""");"
"keys.add(""";Wendel;""");"
"keys.add(""";Almarai;""");"
"keys.add(""";Olympus;""");"
"keys.add(""";Hengan International Group;""");"
"keys.add(""";Visteon;""");"
"keys.add(""";China Grand Automotive Services;""");"
"keys.add(""";KLA-Tencor;""");"
"keys.add(""";Harris;""");"
"keys.add(""";Meritz Financial Group;""");"
"keys.add(""";China Longyuan Power;""");"
"keys.add(""";;""");"
"keys.add(""";SinoPac Financial;""");"
"keys.add(""";NiSource;""");"
"keys.add(""";Penske Automotive;""");"
"keys.add(""";Chesapeake Energy;""");"
"keys.add(""";IHI;""");"
"keys.add(""";Lindt & Sprungli;""");"
"keys.add(""";Petronas Gas;""");"
"keys.add(""";Want Want China;""");"
"keys.add(""";Aozora Bank;""");"
"keys.add(""";Yuanta Financial Holding;""");"
"keys.add(""";;""");"
"keys.add(""";China Mengniu Dairy;""");"
"keys.add(""";Ambac Financial Group;""");"
"keys.add(""";Novozymes;""");"
"keys.add(""";Dexia;""");"
"keys.add(""";AmTrust Financial Services;""");"
"keys.add(""";Nippon Express;""");"
"keys.add(""";Geberit;""");"
"keys.add(""";Shoprite Holdings;""");"
"keys.add(""";Entermate;""");"
"keys.add(""";McCormick;""");"
"keys.add(""";;""");"
"keys.add(""";Equifax;""");"
"keys.add(""";Banca Popolare di Milano;""");"
"keys.add(""";Trinity Industries;""");"
"keys.add(""";RusHydro;""");"
"keys.add(""";TransDigm Group;""");"
"keys.add(""";JTEKT;""");"
"keys.add(""";Latam Airlines;""");"
"keys.add(""";PGE;""");"
"keys.add(""";Darden Restaurants;""");"
"keys.add(""";Cosmo Energy Holdings;""");"
"keys.add(""";;""");"
"keys.add(""";Sino Land;""");"
"keys.add(""";Taiwan Mobile;""");"
"keys.add(""";MegaFon;""");"
"keys.add(""";Banco Davivienda;""");"
"keys.add(""";Continental Resources;""");"
"keys.add(""";Manila Electric;""");"
"keys.add(""";Linear Technology;""");"
"keys.add(""";Cintas;""");"
"keys.add(""";LIG Insurance;""");"
"keys.add(""";Sembcorp Industries;""");"
"keys.add(""";;""");"
"keys.add(""";Alfresa Holdings;""");"
"keys.add(""";HRG Group;""");"
"keys.add(""";American Capital Agency;""");"
"keys.add(""";Banco Comercial Portugues;""");"
"keys.add(""";Huntington Ingalls Industries;""");"
"keys.add(""";Inter Rao;""");"
"keys.add(""";Bajaj Auto;""");"
"keys.add(""";UGI;""");"
"keys.add(""";Remgro;""");"
"keys.add(""";China Communications Services;""");"
"keys.add(""";;""");"
"keys.add(""";Arthur J. Gallagher;""");"
"keys.add(""";PulteGroup;""");"
"keys.add(""";Quintiles Transnational;""");"
"keys.add(""";Celanese;""");"
"keys.add(""";AmBank Group;""");"
"keys.add(""";Airgas;""");"
"keys.add(""";Waters;""");"
"keys.add(""";Ramsay Health Care;""");"
"keys.add(""";BM&F Bovespa;""");"
"keys.add(""";GEA Group;""");"
"keys.add(""";;""");"
"keys.add(""";Banco Occidental;""");"
"keys.add(""";Oceanwide Holdings;""");"
"keys.add(""";Babcock International Group;""");"
"keys.add(""";OMRON;""");"
"keys.add(""";Sino-Ocean Land Holdings;""");"
"keys.add(""";Maxis;""");"
"keys.add(""";City Developments;""");"
"keys.add(""";Kansas City Southern;""");"
"keys.add(""";Moscow Exchange;""");"
"keys.add(""";Savola Group;""");"
"keys.add(""";;""");"
"keys.add(""";Zenith Bank;""");"
"keys.add(""";Nomos Bank;""");"
"keys.add(""";Realty Income;""");"
"keys.add(""";Rexel;""");"
"keys.add(""";Tech Data;""");"
"keys.add(""";STRABAG;""");"
"keys.add(""";Alinma Bank;""");"
"keys.add(""";Zhengzhou Yutong Bus;""");"
"keys.add(""";Central Bank of India;""");"
"keys.add(""";Lundbergs;""");"
"keys.add(""";;""");"
"keys.add(""";TonenGeneral Sekiyu;""");"
"keys.add(""";3i Group;""");"
"keys.add(""";Suzuken;""");"
"keys.add(""";Blom Bank;""");"
"keys.add(""";Mizrahi Tefahot Bank;""");"
"keys.add(""";Affiliated Managers Group;""");"
"keys.add(""";Abu Dhabi Islamic Bank;""");"
"keys.add(""";Bendigo & Adelaide Bank;""");"
"keys.add(""";Tesla Motors;""");"
"keys.add(""";Shiseido;""");"
"keys.add(""";;""");"
"keys.add(""";OSRAM Licht;""");"
"keys.add(""";Hankook Tire;""");"
"keys.add(""";SINOPEC Engineering (Group);""");"
"keys.add(""";Southwest Securities;""");"
"keys.add(""";AGL Resources;""");"
"keys.add(""";Scripps Networks Interactive;""");"
"keys.add(""";Franshion Properties (China);""");"
"keys.add(""";Sumitomo Metal Mining;""");"
"keys.add(""";Hokuhoku Financial Group;""");"
"keys.add(""";Hang Lung Group;""");"
"keys.add(""";;""");"
"keys.add(""";Piraeus Bank;""");"
"keys.add(""";Taiwan High Speed Rail;""");"
"keys.add(""";Ingredion;""");"
"keys.add(""";Iida Group Holdings;""");"
"keys.add(""";Banco Continental;""");"
"keys.add(""";World Fuel Services;""");"
"keys.add(""";FleetCor Technologies;""");"
"keys.add(""";Accor;""");"
"keys.add(""";Samsung SDI;""");"
"keys.add(""";Aspen Pharmacare Holdings;""");"
"keys.add(""";;""");"
"keys.add(""";Cattolica Assicurazioni;""");"
"keys.add(""";Commercial Bank of Qatar;""");"
"keys.add(""";NÅrnberger;""");"
"keys.add(""";Church & Dwight;""");"
"keys.add(""";DSV;""");"
"keys.add(""";Genting Hong Kong;""");"
"keys.add(""";ProSiebenSat1 Media;""");"
"keys.add(""";BesTV New Media;""");"
"keys.add(""";Mallinckrodt;""");"
"keys.add(""";Western Refining;""");"
"keys.add(""";;""");"
"keys.add(""";Yamaguchi Financial;""");"
"keys.add(""";Equinix;""");"
"keys.add(""";Westlake Chemical;""");"
"keys.add(""";Ningbo Port;""");"
"keys.add(""";Foshan Haitian Flavouring and Food Company;""");"
"keys.add(""";FMC Technologies;""");"
"keys.add(""";Newcrest Mining;""");"
"keys.add(""";Kangmei Pharmaceutical;""");"
"keys.add(""";Sunac China Holdings;""");"
"keys.add(""";Shaanxi Coal Industry;""");"
"keys.add(""";;""");"
"keys.add(""";Tiffany & Co.;""");"
"keys.add(""";Concho Resources;""");"
"keys.add(""";Eurazeo;""");"
"keys.add(""";Deutsche Pfandbriefbank;""");"
"keys.add(""";Tokyu Fudosan;""");"
"keys.add(""";Capita;""");"
"keys.add(""";Citrix Systems;""");"
"keys.add(""";Eurobank Ergasias;""");"
"keys.add(""";Digital Realty Trust;""");"
"keys.add(""";MAp;""");"
"keys.add(""";;""");"
"keys.add(""";PLDT;""");"
"keys.add(""";Coach;""");"
"keys.add(""";Computer Sciences;""");"
"keys.add(""";Joyo Bank;""");"
"keys.add(""";AU Optronics;""");"
"keys.add(""";Alpha Bank;""");"
"keys.add(""";Snap-on;""");"
"keys.add(""";China Resources Enterprise;""");"
"keys.add(""";Financial Street Holdings;""");"
"keys.add(""";Enka;""");"
"keys.add(""";;""");"
"keys.add(""";GameStop;""");"
"keys.add(""";Hiroshima Bank;""");"
"keys.add(""";INTL FCStone;""");"
"keys.add(""";Nishi-Nippon City Bank;""");"
"keys.add(""";Dassault Aviation;""");"
"keys.add(""";Jiangsu Hengrui Medicine;""");"
"keys.add(""";NMDC;""");"
"keys.add(""";Kaisa Group Holdings;""");"
"keys.add(""";Coca-Cola HBC;""");"
"keys.add(""";Isetan Mitsukoshi Holdings;""");"
"keys.add(""";;""");"
"keys.add(""";New Hope Liuhe;""");"
"keys.add(""";North Pacific Bank;""");"
"keys.add(""";Hachijuni Bank;""");"
"keys.add(""";77 Bank;""");"
"keys.add(""";Alliant Energy;""");"
"keys.add(""";AAC Technologies Holdings;""");"
"keys.add(""";China National Materials;""");"
"keys.add(""";EMS-Chemie Holding;""");"
"keys.add(""";TAQA;""");"
"keys.add(""";Arkema;""");"
"keys.add(""";;""");"
"keys.add(""";ONO Pharmaceutical;""");"
"keys.add(""";Cheniere Energy;""");"
"keys.add(""";MMI Holdings;""");"
"keys.add(""";Syndicate Bank;""");"
"keys.add(""";Guangdong Investment;""");"
"keys.add(""";Bank of Kyoto;""");"
"keys.add(""";Partners Group Holding;""");"
"keys.add(""";Banca Popolare dell'Emilia;""");"
"keys.add(""";United Internet;""");"
"keys.add(""";Suruga Bank;""");"
"keys.add(""";;""");"
"keys.add(""";EQT;""");"
"keys.add(""";Essex Property Trust;""");"
"keys.add(""";Chugoku Bank;""");"
"keys.add(""";Zhejiang Material Industrial Zhongda Yuantong Group;""");"
"keys.add(""";Burberry Group;""");"
"keys.add(""";Emirates Integrated Telecom;""");"
"keys.add(""";Gunma Bank;""");"
"keys.add(""";Mitsui Chemicals;""");"
"keys.add(""";Calpine;""");"
"keys.add(""";China Power International Development;""");"
"keys.add(""";;""");"
"keys.add(""";Hero Motocorp;""");"
"keys.add(""";NetApp;""");"
"keys.add(""";Alrosa;""");"
"keys.add(""";Yunnan Baiyao Group;""");"
"keys.add(""";Frasers Centrepoint;""");"
"keys.add(""";Mercuries & Associates;""");"
"keys.add(""";Dali Foods Group;""");"
"keys.add(""";Koito Manufacturing;""");"
"keys.add(""";Neptune Orient Lines;""");"
"keys.add(""";Packaging Corp of America;""");"
"keys.add(""";;""");"
"keys.add(""";Shanxi Taigang Stainless;""");"
"keys.add(""";Acciona;""");"
"keys.add(""";FBN Holdings;""");"
"keys.add(""";Nitori Holdings;""");"
"keys.add(""";Sabre;""");"
"keys.add(""";Korea Zinc;""");"
"keys.add(""";Samsung Heavy Industries;""");"
"keys.add(""";Wistron;""");"
"keys.add(""";Sumitomo Rubber;""");"
"keys.add(""";Agile Property Holdings;""");"
"keys.add(""";;""");"
"keys.add(""";Commercial Bank For Investment & Development Of Vietnam;""");"
"keys.add(""";Iyo Bank;""");"
"keys.add(""";Lupin;""");"
"keys.add(""";Targa Resources Corp.;""");"
"keys.add(""";Ashland;""");"
"keys.add(""";CJ Cheiljedang;""");"
"keys.add(""";Alfa Laval;""");"
"keys.add(""";Israel Discount Bank;""");"
"keys.add(""";Yamada Denki;""");"
"keys.add(""";GCL System Integration Technology;""");"
"keys.add(""";;""");"
"keys.add(""";Public Power;""");"
"keys.add(""";Empire;""");"
"keys.add(""";Juroku Bank;""");"
"keys.add(""";Indian Overseas Bank;""");"
"keys.add(""";Ashikaga Holdings;""");"
"keys.add(""";American Equity Investment;""");"
"keys.add(""";Quinenco;""");"
"keys.add(""";Aldar Properties;""");"
"keys.add(""";Securitas;""");"
"keys.add(""";Cablevision Systems;""");"
"keys.add(""";;""");"
"keys.add(""";Red Star Macalline Group;""");"
"keys.add(""";Banco BPI;""");"
"keys.add(""";LG Uplus;""");"
"keys.add(""";Interactive Brokers Group;""");"
"keys.add(""";International Flavors & Fragrances;""");"
"keys.add(""";Showa Shell Sekiyu;""");"
"keys.add(""";SK Networks;""");"
"keys.add(""";Supervalu;""");"
"keys.add(""";Corporacion Geo;""");"
"keys.add(""";Doha Bank;""");"
"keys.add(""";;""");"
"keys.add(""";Dongxing Securities;""");"
"keys.add(""";DGB Financial Group;""");"
"keys.add(""";GPT Group;""");"
"keys.add(""";Areva;""");"
"keys.add(""";Vertex Pharmaceuticals;""");"
"keys.add(""";DIA;""");"
"keys.add(""";Toho Bank;""");"
"keys.add(""";Ulta Salon Cosmetcs & Fragrance;""");"
"keys.add(""";Nippon Steel Trading;""");"
"keys.add(""";BayWa;""");"
"keys.add(""";;""");"
"keys.add(""";Derwent London;""");"
"keys.add(""";Hanergy Thin Film Power Group;""");"
"keys.add(""";Yes Bank;""");"
"keys.add(""";Nanto Bank;""");"
"keys.add(""";Banco del Caribe, C.A. Banco Universal;""");"
"keys.add(""";WPG Holdings;""");"
"keys.add(""";X5 Retail Group;""");"
"keys.add(""";Focus Media Information Technology;""");"
"keys.add(""";Orkla;""");"
"keys.add(""";Angang Steel;""");"
"keys.add(""";;""");"
"keys.add(""";Desarrolladora Homex;""");"
"keys.add(""";Endo;""");"
"keys.add(""";Hyakugo Bank;""");"
"keys.add(""";People's United Financial;""");"
"keys.add(""";Far Eastern New Century;""");"
"keys.add(""";Liberbank;""");"
"keys.add(""";Harman International;""");"
"keys.add(""";Pacific Corp;""");"
"keys.add(""";Microchip Technology;""");"
"keys.add(""";First Pacific;""");"
"keys.add(""";;""");"
"keys.add(""";Ogaki Kyoritsu Bank;""");"
"keys.add(""";Taiwan Business Bank;""");"
"keys.add(""";Youngor Group;""");"
"keys.add(""";Travis Perkins;""");"
"keys.add(""";Senshu Ikeda Holdings;""");"
"keys.add(""";Virgin Money Holdings;""");"
"keys.add(""";Banco de Chile;""");"
"keys.add(""";Damac Properties;""");"
"keys.add(""";Garmin;""");"
"keys.add(""";IMS Health Holdings;""");"
"keys.add(""";;""");"
"keys.add(""";Heilan Home;""");"
"keys.add(""";MGIC Investment;""");"
"keys.add(""";Shanghai Chengtou Holding;""");"
"keys.add(""";Two Harbors Investment;""");"
"keys.add(""";NII Holdings;""");"
"keys.add(""";Thai Oil;""");"
"keys.add(""";Israel Corp;""");"
"keys.add(""";ST Engineering;""");"
"keys.add(""";Tingyi Holding;""");"
"keys.add(""";Fortune Brands Home & Security;""");"
"keys.add(""";;""");"
"keys.add(""";Performance Food Group;""");"
"keys.add(""";Vereit;""");"
"keys.add(""";BOK Financial;""");"
"keys.add(""";JSW Steel;""");"
"keys.add(""";Daishi Bank;""");"
"keys.add(""";Tokyo TY Financial Group;""");"
"keys.add(""";Pembina Pipeline;""");"
"keys.add(""";VeriSign;""");"
"keys.add(""";Kingdom Holding;""");"
"keys.add(""";Jones Lang LaSalle;""");"
"keys.add(""";;""");"
"keys.add(""";Shiga Bank;""");"
"keys.add(""";Orient;""");"
"keys.add(""";Catcher Technology;""");"
"keys.add(""";Amdocs;""");"
"keys.add(""";Saudi Investment Bank;""");"
"keys.add(""";Segro;""");"
"keys.add(""";Halyk Bank;""");"
"keys.add(""";Credito Emiliano;""");"
"keys.add(""";Tongling Nonferrous Metals;""");"
"keys.add(""";San-In Godo Bank;""");"
"keys.add(""";;""");"
"keys.add(""";Bank of Qingdao;""");"
"keys.add(""";First Niagara Financial;""");"
"keys.add(""";Office Depot;""");"
"keys.add(""";Hyakujushi Bank;""");"
"keys.add(""";Chinese Estates;""");"
"keys.add(""";Admiral Group plc;""");"
"keys.add(""";Umicore;""");"
"keys.add(""";USG;""");"
"keys.add(""";Banca Popolare di Sondrio;""");"
"keys.add(""";Habib Bank;""");"
"keys.add(""";;""");"
"keys.add(""";Lazard;""");"
"keys.add(""";Molina Healthcare;""");"
"keys.add(""";Basler Kantonalbank;""");"
"keys.add(""";Dufry AG;""");"
"keys.add(""";JC Penney;""");"
"keys.add(""";Saudi Arabian Fertilizers;""");"
"keys.add(""";WellCare Health Plans;""");"
"keys.add(""";Great Portland Estates;""");"
"keys.add(""";Vietin Bank;""");"
"keys.add(""";Chicago Bridge & Iron;""");"
"keys.add(""";;""");"
"keys.add(""";NVR,;""");"
"keys.add(""";FCC;""");"
"keys.add(""";Keiyo Bank;""");"
"keys.add(""";Mettler-Toledo International;""");"
"keys.add(""";CNO Financial Group;""");"
"keys.add(""";UCO Bank;""");"
"keys.add(""";Guaranty Trust Bank;""");"
"keys.add(""";Total System Services;""");"
"keys.add(""";Nippon Paper Industries;""");"
"keys.add(""";Cullen/Frost Bankers;""");"
"keys.add(""";;""");"
"keys.add(""";Shanghai International Airport;""");"
"keys.add(""";Bank Aljazira;""");"
"keys.add(""";Kiyo Bank;""");"
"keys.add(""";Ashtead Group;""");"
"keys.add(""";Coty;""");"
"keys.add(""";KWG Property Holding;""");"
"keys.add(""";RiseSun Real Estate Development;""");"
"keys.add(""";Macerich;""");"
"keys.add(""";Techtronic Industries;""");"
"keys.add(""";Banca Transilvania;""");"
"keys.add(""";;""");"
"keys.add(""";Hokkoku Bank;""");"
"keys.add(""";President Chain Store;""");"
"keys.add(""";Xinjiang Goldwind Science & Technology;""");"
"keys.add(""";Allahabad Bank;""");"
"keys.add(""";Korea Investment Holdings;""");"
"keys.add(""";Leshi Internet Information & Technology Corp. Beijing;""");"
"keys.add(""";Jacobs Engineering;""");"
"keys.add(""";SYNNEX;""");"
"keys.add(""";Hanwa;""");"
"keys.add(""";Banque nationale de Belgique;""");"
"keys.add(""";;""");"
"keys.add(""";Grupo Galicia;""");"
"keys.add(""";Valspar;""");"
"keys.add(""";Joint Stock Commercial Bank for Foreign Trade of Vietnam;""");"
"keys.add(""";Banque Centrale Populaire;""");"
"keys.add(""";Musashino Bank;""");"
"keys.add(""";Corporation Bank;""");"
"keys.add(""";PBF Energy;""");"
"keys.add(""";Sysmex;""");"
"keys.add(""";Shanghai Industrial Holdings;""");"
"keys.add(""";Noble;""");"
"keys.add(""";;""");"
"keys.add(""";Varian Medical Systems;""");"
"keys.add(""";Bank of Queensland;""");"
"keys.add(""";NH Investment & Securities;""");"
"keys.add(""";SNC-Lavalin Group;""");"
"keys.add(""";Polaris Industries;""");"
"keys.add(""";Hanover Insurance Group;""");"
"keys.add(""";Coloplast;""");"
"keys.add(""";Ryder System;""");"
"keys.add(""";GS Engineering;""");"
"keys.add(""";Murphy USA;""");"
"keys.add(""";;""");"
"keys.add(""";XPO Logistics;""");"
"keys.add(""";Zhuzhou CSR Times Electric;""");"
"keys.add(""";Oriental Bank of Commerce;""");"
"keys.add(""";Nelnet;""");"
"keys.add(""";Shanghai RAAS Blood Products;""");"
"keys.add(""";Reliance Steel;""");"
"keys.add(""";Haseko;""");"
"keys.add(""";Kawasaki Kisen Kaisha;""");"
"keys.add(""";LinkedIn;""");"
"keys.add(""";Enagas;""");"
"keys.add(""";;""");"
"keys.add(""";Bolsas & Mercados;""");"
"keys.add(""";Daewoo Securities;""");"
"keys.add(""";JB Financial Group;""");"
"keys.add(""";Inventec;""");"
"keys.add(""";Barwa Real Estate;""");"
"keys.add(""";Smiths Group;""");"
"keys.add(""";Western Securities;""");"
"keys.add(""";Bohai Financial Investment Holding;""");"
"keys.add(""";Golden Agri-Resources;""");"
"keys.add(""";Luzerner Kantonalbank;""");"
"keys.add(""";;""");"
"keys.add(""";Sonova Holding;""");"
"keys.add(""";First Solar,;""");"
"keys.add(""";US Steel;""");"
"keys.add(""";Vipshop Holdings;""");"
"keys.add(""";Thomas Cook Group;""");"
"keys.add(""";Banca CARIGE;""");"
"keys.add(""";Dick's Sporting Goods;""");"
"keys.add(""";Petro Rabigh;""");"
"keys.add(""";Prada;""");"
"keys.add(""";Soochow Securities;""");"
"keys.add(""";;""");"
"keys.add(""";Jabal Omar Development;""");"
"keys.add(""";CR Bard;""");"
"keys.add(""";Delek Group;""");"
"keys.add(""";Berkeley Group Holdings;""");"
"keys.add(""";BioMarin Pharmaceutical;""");"
"keys.add(""";Latour Investment;""");"
"keys.add(""";RMB Holdings;""");"
"keys.add(""";Migdal Insurance;""");"
"keys.add(""";FIBI Holdings;""");"
"keys.add(""";Aurubis;""");"
"keys.add(""";;""");"
"keys.add(""";East Money Information;""");"
"keys.add(""";Huntsman;""");"
"keys.add(""";K+S;""");"
"keys.add(""";Workday;""");"
"keys.add(""";Permanent TSB Group;""");"
"keys.add(""";Konica Minolta;""");"
"keys.add(""";Inchcape;""");"
"keys.add(""";Amerco;""");"
"keys.add(""";Kuwait Projects;""");"
"keys.add(""";Air Canada;""");"
"keys.add(""";;""");"
"keys.add(""";Jazz Pharmaceuticals;""");"
"keys.add(""";PacWest Bancorp;""");"
"keys.add(""";First Citizens BancShares;""");"
"keys.add(""";Vulcan Materials;""");"
"keys.add(""";LG International;""");"
"keys.add(""";Guangdong Electric Power;""");"
"keys.add(""";St Galler Kantonalbank;""");"
"keys.add(""";Wanda Cinema Line;""");"
"keys.add(""";Inotera Memories;""");"
"keys.add(""";Columbia Pipeline Group;""");"
"keys.add(""";;""");"
"keys.add(""";Dr. Reddy's Laboratories;""");"
"keys.add(""";China Great Wall Computer;""");"
"keys.add(""";Dentsply Sirona;""");"
"keys.add(""";Toyota Boshoku;""");"
"keys.add(""";Andritz;""");"
"keys.add(""";Japan Securities;""");"
"keys.add(""";CSN;""");"
"keys.add(""";China Development Financial;""");"
"keys.add(""";Hokkaido Electric Power;""");"
"keys.add(""";Kangwon Land;""");"
"keys.add(""";;""");"
"keys.add(""";Incyte;""");"
"keys.add(""";Indian Bank;""");"
"keys.add(""";Fibra Uno;""");"
"keys.add(""";Hudson's Bay;""");"
"keys.add(""";iHeartMedia;""");"
"keys.add(""";Sichuan Chuantou Energy;""");"
"keys.add(""";Great Eagle Holdings;""");"
"keys.add(""";IHH Healthcare;""");"
"keys.add(""";Zain;""");"
"keys.add(""";Aroundtown Property Holdings;""");"
"keys.add(""";;""");"
"keys.add(""";Bank of Nagoya;""");"
"keys.add(""";Canadian Utilities;""");"
"keys.add(""";Empresas CMPC;""");"
"keys.add(""";SEIBU;""");"
"keys.add(""";Galenica;""");"
"keys.add(""";Tech Mahindra;""");"
"keys.add(""";Andhra Bank;""");"
"keys.add(""";Crescent Point Energy;""");"
"keys.add(""";NEXON;""");"
"keys.add(""";Phosagro;""");"
"keys.add(""";;""");"
"keys.add(""";Pou Chen;""");"
"keys.add(""";ResMed;""");"
"keys.add(""";Makita;""");"
"keys.add(""";TMB Bank;""");"
"keys.add(""";Aboitiz Equity Ventures;""");"
"keys.add(""";Eutelsat Communications;""");"
"keys.add(""";RR Donnelley & Sons;""");"
"keys.add(""";Minato Bank;""");"
"keys.add(""";ICAP;""");"
"keys.add(""";Credito Valtellinese;""");"
"keys.add(""";;""");"
"keys.add(""";Synovus Financial;""");"
"keys.add(""";Millicom International;""");"
"keys.add(""";E-L Financial;""");"
"keys.add(""";Sanmina-SCI;""");"
"keys.add(""";Martin Marietta Materials;""");"
"keys.add(""";Red Hat;""");"
"keys.add(""";Seadrill;""");"
"keys.add(""";DVB Bank;""");"
"keys.add(""";United Therapeutics;""");"
"keys.add(""";Core-Mark Holding Company;""");"
"keys.add(""";;""");"
"keys.add(""";Beijing Capital Development;""");"
"keys.add(""";Laurentian Bank;""");"
"keys.add(""";CST Brands;""");"
"keys.add(""";SBI Holdings;""");"
"keys.add(""";Thanachart Capital;""");"
"keys.add(""";TPV Technology;""");"
"keys.add(""";Alps Electric Co;""");"
"keys.add(""";Arab Banking;""");"
"keys.add(""";Associated Banc-Corp;""");"
"keys.add(""";BMCE Bank;""");"
"keys.add(""";;""");"
"keys.add(""";Autodesk;""");"
"keys.add(""";BEKB-BCBE;""");"
"keys.add(""";Jaccs;""");"
"keys.add(""";Quanta Services;""");"
"keys.add(""";Wintime Energy;""");"
"keys.add(""";Dah Sing Financial Holdings;""");"
"keys.add(""";Prosperity Bancshares;""");"
"keys.add(""";Ivanhoe Mines;""");"
"keys.add(""";Pang Da Automobile Trade;""");"
"keys.add(""";Wynn Resorts;""");"
"keys.add(""";;""");"
"keys.add(""";Rede Empresas;""");"
"keys.add(""";Shaftesbury;""");"
"keys.add(""";Adani Enterprises;""");"
"keys.add(""";China Agri-Industries;""");"
"keys.add(""";Group 1 Automotive;""");"
"keys.add(""";Palo Alto Networks,;""");"
"keys.add(""";Westinghouse Air Brake Technologies;""");"
"keys.add(""";Oil & Gas Development;""");"
"keys.add(""";Akamai Technologies;""");"
"keys.add(""";Hanwha Chemical;""");"
"keys.add(""";;""");"
"keys.add(""";SBA Communications;""");"
